Département,Année,Délits_total
01,1996,18370
01,1997,18569
01,1998,20267
01,1999,19613
01,2000,22529
01,2001,24984
01,2002,27299
01,2003,25833
01,2004,24002
01,2005,23582
01,2006,23301
01,2007,22484
01,2008,22284
01,2009,22985
01,2010,22626
01,2011,21962
01,2012,22504
01,2013,23673
01,2014,25414
01,2015,26296
01,2016,25197
01,2017,25335
01,2018,26683
01,2019,27831
01,2020,24210
01,2021,27891
01,2022,19656
02,1996,26648
02,1997,23045
02,1998,24044
02,1999,22953
02,2000,24561
02,2001,26004
02,2002,28452
02,2003,26866
02,2004,25134
02,2005,24395
02,2006,25450
02,2007,25712
02,2008,26639
02,2009,25307
02,2010,24051
02,2011,25193
02,2012,24725
02,2013,24603
02,2014,24012
02,2015,24279
02,2016,22858
02,2017,23429
02,2018,26120
02,2019,26577
02,2020,23638
02,2021,23883
02,2022,17073
03,1996,14789
03,1997,13030
03,1998,13851
03,1999,14409
03,2000,13302
03,2001,13998
03,2002,14853
03,2003,13289
03,2004,12530
03,2005,12507
03,2006,12367
03,2007,11728
03,2008,12396
03,2009,12121
03,2010,11650
03,2011,11837
03,2012,12322
03,2013,13318
03,2014,12438
03,2015,12527
03,2016,13234
03,2017,13668
03,2018,13587
03,2019,14440
03,2020,12822
03,2021,13931
03,2022,9786
04,1996,7622
04,1997,7745
04,1998,7632
04,1999,6585
04,2000,6897
04,2001,7588
04,2002,7884
04,2003,7623
04,2004,7201
04,2005,7077
04,2006,7353
04,2007,6948
04,2008,6924
04,2009,6942
04,2010,7022
04,2011,7476
04,2012,7867
04,2013,7632
04,2014,7932
04,2015,8081
04,2016,8463
04,2017,8423
04,2018,8579
04,2019,8831
04,2020,7815
04,2021,8006
04,2022,6396
05,1996,6061
05,1997,5456
05,1998,6166
05,1999,5821
05,2000,5872
05,2001,6762
05,2002,7314
05,2003,6909
05,2004,6146
05,2005,6050
05,2006,5940
05,2007,5972
05,2008,5730
05,2009,5342
05,2010,5293
05,2011,6018
05,2012,6061
05,2013,6299
05,2014,6818
05,2015,6974
05,2016,6775
05,2017,6676
05,2018,6658
05,2019,6135
05,2020,5603
05,2021,6104
05,2022,4555
06,1996,99788
06,1997,99730
06,1998,104422
06,1999,103317
06,2000,110226
06,2001,117174
06,2002,114776
06,2003,111118
06,2004,110408
06,2005,113715
06,2006,110039
06,2007,104522
06,2008,102362
06,2009,98874
06,2010,93200
06,2011,92025
06,2012,89157
06,2013,84813
06,2014,83425
06,2015,81960
06,2016,76507
06,2017,71867
06,2018,72414
06,2019,74434
06,2020,65274
06,2021,70098
06,2022,48908
07,1996,9661
07,1997,9230
07,1998,10132
07,1999,9116
07,2000,9295
07,2001,10220
07,2002,11171
07,2003,10830
07,2004,10808
07,2005,10952
07,2006,11554
07,2007,10690
07,2008,11426
07,2009,10899
07,2010,11010
07,2011,10865
07,2012,11111
07,2013,11898
07,2014,11979
07,2015,11573
07,2016,11819
07,2017,11915
07,2018,11846
07,2019,11958
07,2020,11999
07,2021,13138
07,2022,8938
08,1996,14460
08,1997,14470
08,1998,11821
08,1999,12333
08,2000,12604
08,2001,14214
08,2002,15360
08,2003,13989
08,2004,13047
08,2005,12483
08,2006,12526
08,2007,11482
08,2008,12096
08,2009,11084
08,2010,10750
08,2011,11005
08,2012,10992
08,2013,11213
08,2014,11128
08,2015,11575
08,2016,11711
08,2017,11492
08,2018,12370
08,2019,12722
08,2020,11112
08,2021,12151
08,2022,8693
09,1996,4543
09,1997,4904
09,1998,5152
09,1999,5159
09,2000,5241
09,2001,6225
09,2002,6288
09,2003,5474
09,2004,5484
09,2005,4771
09,2006,5106
09,2007,5220
09,2008,5248
09,2009,5207
09,2010,4813
09,2011,5029
09,2012,5699
09,2013,5976
09,2014,6464
09,2015,6264
09,2016,6492
09,2017,6606
09,2018,6352
09,2019,6696
09,2020,6514
09,2021,6478
09,2022,4955
10,1996,13822
10,1997,14094
10,1998,15379
10,1999,15757
10,2000,15941
10,2001,18452
10,2002,18710
10,2003,16544
10,2004,17050
10,2005,16355
10,2006,15683
10,2007,14766
10,2008,14431
10,2009,14382
10,2010,14378
10,2011,13779
10,2012,14300
10,2013,14489
10,2014,16480
10,2015,16358
10,2016,16684
10,2017,15955
10,2018,16758
10,2019,17100
10,2020,15314
10,2021,15632
10,2022,11141
11,1996,19731
11,1997,19503
11,1998,20699
11,1999,20383
11,2000,21912
11,2001,22585
11,2002,21472
11,2003,20809
11,2004,20160
11,2005,19954
11,2006,20014
11,2007,19315
11,2008,20740
11,2009,21246
11,2010,19933
11,2011,18971
11,2012,18504
11,2013,19009
11,2014,18816
11,2015,19378
11,2016,19230
11,2017,18877
11,2018,17921
11,2019,18654
11,2020,15800
11,2021,17103
11,2022,12812
12,1996,6818
12,1997,6562
12,1998,7341
12,1999,7298
12,2000,7892
12,2001,8318
12,2002,8191
12,2003,8200
12,2004,8020
12,2005,7367
12,2006,7320
12,2007,7991
12,2008,7760
12,2009,7226
12,2010,7295
12,2011,7267
12,2012,6896
12,2013,7274
12,2014,7770
12,2015,8223
12,2016,8686
12,2017,8455
12,2018,8521
12,2019,8627
12,2020,8313
12,2021,8188
12,2022,6015
13,1996,168190
13,1997,159453
13,1998,170872
13,1999,168281
13,2000,176241
13,2001,191780
13,2002,188008
13,2003,183979
13,2004,183525
13,2005,187099
13,2006,184382
13,2007,179670
13,2008,180067
13,2009,174041
13,2010,172211
13,2011,174989
13,2012,170262
13,2013,166077
13,2014,161061
13,2015,157604
13,2016,155440
13,2017,151936
13,2018,155626
13,2019,155948
13,2020,141531
13,2021,161753
13,2022,118976
14,1996,31998
14,1997,32213
14,1998,32027
14,1999,33087
14,2000,34585
14,2001,36613
14,2002,37786
14,2003,37325
14,2004,36466
14,2005,33402
14,2006,32146
14,2007,31499
14,2008,30607
14,2009,30177
14,2010,29314
14,2011,28130
14,2012,28139
14,2013,27944
14,2014,27182
14,2015,28876
14,2016,28756
14,2017,29918
14,2018,29753
14,2019,29470
14,2020,26623
14,2021,28773
14,2022,21231
15,1996,3443
15,1997,3061
15,1998,3406
15,1999,3415
15,2000,3673
15,2001,3895
15,2002,3931
15,2003,3766
15,2004,3559
15,2005,3512
15,2006,3529
15,2007,3284
15,2008,3272
15,2009,3098
15,2010,2984
15,2011,3052
15,2012,3297
15,2013,3454
15,2014,3599
15,2015,4119
15,2016,4117
15,2017,4275
15,2018,4530
15,2019,4553
15,2020,4069
15,2021,4302
15,2022,3051
16,1996,16122
16,1997,14243
16,1998,11877
16,1999,11842
16,2000,12563
16,2001,14318
16,2002,14474
16,2003,12618
16,2004,11524
16,2005,11878
16,2006,12687
16,2007,13267
16,2008,13818
16,2009,13500
16,2010,13949
16,2011,14267
16,2012,13838
16,2013,14277
16,2014,14392
16,2015,14958
16,2016,15683
16,2017,15593
16,2018,16303
16,2019,16240
16,2020,14269
16,2021,15879
16,2022,11409
17,1996,32222
17,1997,31293
17,1998,28723
17,1999,33478
17,2000,34665
17,2001,36511
17,2002,37696
17,2003,37019
17,2004,34472
17,2005,34488
17,2006,32834
17,2007,30424
17,2008,31300
17,2009,32305
17,2010,32620
17,2011,32578
17,2012,31090
17,2013,31451
17,2014,32536
17,2015,32174
17,2016,30792
17,2017,32128
17,2018,31105
17,2019,33039
17,2020,28845
17,2021,29526
17,2022,21850
18,1996,13355
18,1997,12335
18,1998,13218
18,1999,12976
18,2000,13156
18,2001,14628
18,2002,15833
18,2003,15019
18,2004,14318
18,2005,13992
18,2006,12642
18,2007,11484
18,2008,12877
18,2009,12205
18,2010,11539
18,2011,11386
18,2012,11813
18,2013,12617
18,2014,13038
18,2015,13579
18,2016,13455
18,2017,13672
18,2018,13269
18,2019,12910
18,2020,10926
18,2021,11733
18,2022,8721
19,1996,8700
19,1997,8388
19,1998,9283
19,1999,8435
19,2000,9167
19,2001,9811
19,2002,9033
19,2003,8883
19,2004,8244
19,2005,8181
19,2006,7762
19,2007,7992
19,2008,8705
19,2009,7992
19,2010,7975
19,2011,7773
19,2012,7704
19,2013,8180
19,2014,8377
19,2015,8142
19,2016,8399
19,2017,8495
19,2018,8781
19,2019,8904
19,2020,8063
19,2021,8819
19,2022,5872
21,1996,23886
21,1997,22474
21,1998,23266
21,1999,21845
21,2000,22652
21,2001,25271
21,2002,27373
21,2003,26609
21,2004,26040
21,2005,25417
21,2006,24947
21,2007,22726
21,2008,23456
21,2009,22851
21,2010,21776
21,2011,22414
21,2012,21387
21,2013,22450
21,2014,23130
21,2015,23077
21,2016,22851
21,2017,23070
21,2018,23326
21,2019,24037
21,2020,21387
21,2021,22833
21,2022,15802
22,1996,17013
22,1997,16112
22,1998,16534
22,1999,16283
22,2000,17828
22,2001,19429
22,2002,22688
22,2003,22174
22,2004,21112
22,2005,20807
22,2006,20391
22,2007,20567
22,2008,19290
22,2009,19919
22,2010,19267
22,2011,18742
22,2012,19035
22,2013,19002
22,2014,20412
22,2015,21415
22,2016,20836
22,2017,21740
22,2018,21952
22,2019,21957
22,2020,19738
22,2021,20578
22,2022,15532
23,1996,2538
23,1997,3253
23,1998,2783
23,1999,3093
23,2000,3367
23,2001,3588
23,2002,3756
23,2003,3068
23,2004,2753
23,2005,2760
23,2006,2491
23,2007,2376
23,2008,2303
23,2009,2141
23,2010,2092
23,2011,2283
23,2012,2374
23,2013,2876
23,2014,2887
23,2015,3219
23,2016,3393
23,2017,3799
23,2018,4056
23,2019,4152
23,2020,3703
23,2021,4172
23,2022,3010
24,1996,12502
24,1997,13413
24,1998,12782
24,1999,11719
24,2000,12702
24,2001,15010
24,2002,15069
24,2003,14443
24,2004,14731
24,2005,15293
24,2006,13833
24,2007,13495
24,2008,13605
24,2009,13763
24,2010,13410
24,2011,13432
24,2012,12766
24,2013,13752
24,2014,13880
24,2015,14237
24,2016,14400
24,2017,14725
24,2018,14787
24,2019,15163
24,2020,13709
24,2021,14742
24,2022,10866
25,1996,25744
25,1997,26281
25,1998,24663
25,1999,24367
25,2000,25204
25,2001,26518
25,2002,28235
25,2003,26243
25,2004,26805
25,2005,24737
25,2006,24031
25,2007,21885
25,2008,22305
25,2009,22590
25,2010,23316
25,2011,23236
25,2012,23015
25,2013,25282
25,2014,25793
25,2015,27272
25,2016,25715
25,2017,25730
25,2018,25924
25,2019,26105
25,2020,23732
25,2021,25058
25,2022,17368
26,1996,29006
26,1997,25625
26,1998,26025
26,1999,24638
26,2000,26360
26,2001,31180
26,2002,32114
26,2003,30271
26,2004,27761
26,2005,26748
26,2006,26563
26,2007,25952
26,2008,26996
26,2009,26848
26,2010,25560
26,2011,27660
26,2012,28162
26,2013,29191
26,2014,29556
26,2015,28989
26,2016,28099
26,2017,26922
26,2018,26658
26,2019,26961
26,2020,24696
26,2021,27186
26,2022,18386
27,1996,22696
27,1997,24930
27,1998,26623
27,1999,24237
27,2000,23883
27,2001,30873
27,2002,31488
27,2003,29845
27,2004,28916
27,2005,27631
27,2006,28171
27,2007,27347
27,2008,27029
27,2009,25597
27,2010,24729
27,2011,24067
27,2012,23366
27,2013,23093
27,2014,23168
27,2015,23498
27,2016,24899
27,2017,24771
27,2018,24370
27,2019,25304
27,2020,23338
27,2021,26040
27,2022,17532
28,1996,20586
28,1997,18958
28,1998,19003
28,1999,18457
28,2000,18659
28,2001,21763
28,2002,22753
28,2003,21156
28,2004,20396
28,2005,18988
28,2006,19978
28,2007,18720
28,2008,18354
28,2009,17543
28,2010,17627
28,2011,17846
28,2012,17731
28,2013,17781
28,2014,17414
28,2015,17653
28,2016,17380
28,2017,17133
28,2018,17561
28,2019,17697
28,2020,16069
28,2021,16258
28,2022,11955
29,1996,31187
29,1997,29659
29,1998,36017
29,1999,33276
29,2000,37368
29,2001,38400
29,2002,40657
29,2003,38838
29,2004,38061
29,2005,37004
29,2006,35955
29,2007,33793
29,2008,35310
29,2009,33706
29,2010,33119
29,2011,33538
29,2012,35511
29,2013,36424
29,2014,34660
29,2015,36889
29,2016,36186
29,2017,37258
29,2018,37492
29,2019,37542
29,2020,32816
29,2021,35102
29,2022,25608
30,1996,46570
30,1997,41867
30,1998,43972
30,1999,44678
30,2000,49340
30,2001,51957
30,2002,49779
30,2003,50200
30,2004,49920
30,2005,48457
30,2006,47928
30,2007,47149
30,2008,46263
30,2009,46976
30,2010,47125
30,2011,46658
30,2012,43404
30,2013,40885
30,2014,39352
30,2015,39682
30,2016,38921
30,2017,39697
30,2018,38990
30,2019,39628
30,2020,35812
30,2021,36922
30,2022,26533
31,1996,62378
31,1997,62422
31,1998,59344
31,1999,62458
31,2000,66161
31,2001,80502
31,2002,79045
31,2003,80297
31,2004,78902
31,2005,77842
31,2006,82557
31,2007,83751
31,2008,78909
31,2009,78975
31,2010,79929
31,2011,83873
31,2012,84444
31,2013,85857
31,2014,88896
31,2015,89917
31,2016,90840
31,2017,91920
31,2018,91127
31,2019,95073
31,2020,83478
31,2021,87811
31,2022,62275
32,1996,3822
32,1997,3802
32,1998,4396
32,1999,4035
32,2000,4544
32,2001,5469
32,2002,5826
32,2003,5950
32,2004,5506
32,2005,5521
32,2006,5234
32,2007,5838
32,2008,5541
32,2009,5545
32,2010,5436
32,2011,5561
32,2012,5225
32,2013,6134
32,2014,6478
32,2015,6495
32,2016,6813
32,2017,6704
32,2018,6402
32,2019,6274
32,2020,6062
32,2021,6355
32,2022,4483
33,1996,90458
33,1997,87882
33,1998,82839
33,1999,85747
33,2000,86688
33,2001,93546
33,2002,96708
33,2003,95851
33,2004,98583
33,2005,100217
33,2006,93101
33,2007,89180
33,2008,85552
33,2009,88698
33,2010,85286
33,2011,83441
33,2012,81728
33,2013,80737
33,2014,83446
33,2015,85692
33,2016,86418
33,2017,90924
33,2018,94706
33,2019,102416
33,2020,95368
33,2021,98095
33,2022,66589
34,1996,75022
34,1997,70552
34,1998,73175
34,1999,78551
34,2000,82669
34,2001,86845
34,2002,86204
34,2003,81937
34,2004,82375
34,2005,79909
34,2006,79729
34,2007,73504
34,2008,78080
34,2009,77324
34,2010,76914
34,2011,75564
34,2012,74454
34,2013,76821
34,2014,74502
34,2015,73529
34,2016,76816
34,2017,76683
34,2018,75276
34,2019,80074
34,2020,69098
34,2021,73259
34,2022,51482
35,1996,32669
35,1997,34054
35,1998,37084
35,1999,37395
35,2000,40931
35,2001,44990
35,2002,48371
35,2003,47198
35,2004,44802
35,2005,46098
35,2006,43037
35,2007,42113
35,2008,37955
35,2009,39913
35,2010,40027
35,2011,39359
35,2012,40481
35,2013,42070
35,2014,39923
35,2015,40945
35,2016,42031
35,2017,42714
35,2018,44435
35,2019,44261
35,2020,41374
35,2021,43666
35,2022,34321
36,1996,7132
36,1997,7201
36,1998,8615
36,1999,8460
36,2000,9513
36,2001,9439
36,2002,10004
36,2003,8988
36,2004,8234
36,2005,7747
36,2006,8381
36,2007,7609
36,2008,7306
36,2009,7042
36,2010,7770
36,2011,7854
36,2012,7761
36,2013,8258
36,2014,8273
36,2015,8009
36,2016,7956
36,2017,8096
36,2018,8314
36,2019,8194
36,2020,7620
36,2021,8906
36,2022,6246
37,1996,30064
37,1997,27883
37,1998,27303
37,1999,26721
37,2000,29965
37,2001,31763
37,2002,34831
37,2003,31043
37,2004,30839
37,2005,27938
37,2006,27810
37,2007,26150
37,2008,26917
37,2009,25727
37,2010,26115
37,2011,26304
37,2012,25252
37,2013,25796
37,2014,26750
37,2015,26186
37,2016,26779
37,2017,28258
37,2018,28856
37,2019,29328
37,2020,26840
37,2021,30054
37,2022,20576
38,1996,66899
38,1997,67590
38,1998,68379
38,1999,62908
38,2000,68999
38,2001,74079
38,2002,77339
38,2003,80603
38,2004,75204
38,2005,73065
38,2006,68205
38,2007,65822
38,2008,65970
38,2009,65391
38,2010,65088
38,2011,62686
38,2012,64547
38,2013,66797
38,2014,73211
38,2015,74971
38,2016,71210
38,2017,73090
38,2018,75215
38,2019,78784
38,2020,68875
38,2021,74462
38,2022,51159
39,1996,9237
39,1997,9141
39,1998,7950
39,1999,8254
39,2000,8844
39,2001,9694
39,2002,9864
39,2003,9497
39,2004,9203
39,2005,8924
39,2006,9091
39,2007,8410
39,2008,8508
39,2009,8723
39,2010,8319
39,2011,8524
39,2012,8661
39,2013,8805
39,2014,8998
39,2015,8832
39,2016,9198
39,2017,9925
39,2018,11041
39,2019,10329
39,2020,9850
39,2021,9374
39,2022,7014
40,1996,13944
40,1997,13488
40,1998,14008
40,1999,13747
40,2000,14991
40,2001,16633
40,2002,18150
40,2003,16834
40,2004,16067
40,2005,16767
40,2006,18722
40,2007,15468
40,2008,15659
40,2009,16020
40,2010,14498
40,2011,15536
40,2012,16361
40,2013,16487
40,2014,16868
40,2015,16900
40,2016,16847
40,2017,16308
40,2018,16391
40,2019,16344
40,2020,15157
40,2021,16545
40,2022,13330
41,1996,11380
41,1997,12068
41,1998,12183
41,1999,11900
41,2000,12496
41,2001,13614
41,2002,14059
41,2003,12853
41,2004,11817
41,2005,12901
41,2006,13139
41,2007,12914
41,2008,13567
41,2009,13075
41,2010,13851
41,2011,13730
41,2012,13349
41,2013,14072
41,2014,13569
41,2015,14444
41,2016,14266
41,2017,14473
41,2018,13410
41,2019,13471
41,2020,10911
41,2021,12661
41,2022,8987
42,1996,42752
42,1997,42461
42,1998,41782
42,1999,40875
42,2000,43145
42,2001,41432
42,2002,40567
42,2003,38089
42,2004,37144
42,2005,36435
42,2006,36863
42,2007,33374
42,2008,36069
42,2009,35796
42,2010,34741
42,2011,34290
42,2012,32703
42,2013,34839
42,2014,36091
42,2015,37368
42,2016,37827
42,2017,37457
42,2018,38214
42,2019,38347
42,2020,33483
42,2021,36710
42,2022,26781
43,1996,5401
43,1997,5652
43,1998,5526
43,1999,5830
43,2000,6181
43,2001,6091
43,2002,6651
43,2003,6452
43,2004,6330
43,2005,5972
43,2006,6713
43,2007,5625
43,2008,6164
43,2009,5941
43,2010,6183
43,2011,5943
43,2012,5742
43,2013,6114
43,2014,6875
43,2015,6622
43,2016,7134
43,2017,7409
43,2018,7917
43,2019,8688
43,2020,7984
43,2021,8513
43,2022,5958
44,1996,65961
44,1997,61038
44,1998,64057
44,1999,67179
44,2000,67659
44,2001,83527
44,2002,82344
44,2003,80239
44,2004,76471
44,2005,76394
44,2006,74421
44,2007,71231
44,2008,72087
44,2009,70280
44,2010,71279
44,2011,69835
44,2012,73054
44,2013,79642
44,2014,75551
44,2015,79342
44,2016,81908
44,2017,84547
44,2018,86030
44,2019,89198
44,2020,77870
44,2021,84120
44,2022,60176
45,1996,32448
45,1997,33714
45,1998,36132
45,1999,37070
45,2000,37187
45,2001,42063
45,2002,42349
45,2003,40521
45,2004,39921
45,2005,36510
45,2006,37017
45,2007,34695
45,2008,32598
45,2009,32338
45,2010,31823
45,2011,32958
45,2012,31117
45,2013,33034
45,2014,32866
45,2015,32732
45,2016,34736
45,2017,33583
45,2018,32767
45,2019,31140
45,2020,29217
45,2021,32278
45,2022,21614
46,1996,4125
46,1997,4117
46,1998,3883
46,1999,4551
46,2000,4513
46,2001,6018
46,2002,5752
46,2003,5713
46,2004,4699
46,2005,4404
46,2006,4332
46,2007,4291
46,2008,4698
46,2009,4635
46,2010,4768
46,2011,4840
46,2012,5269
46,2013,5395
46,2014,6100
46,2015,5705
46,2016,5459
46,2017,6143
46,2018,6720
46,2019,6604
46,2020,5804
46,2021,6190
46,2022,4683
47,1996,12652
47,1997,11193
47,1998,12911
47,1999,13747
47,2000,14236
47,2001,15043
47,2002,15492
47,2003,14566
47,2004,13386
47,2005,13945
47,2006,13387
47,2007,12891
47,2008,12662
47,2009,12928
47,2010,12608
47,2011,12771
47,2012,12935
47,2013,12336
47,2014,13201
47,2015,13092
47,2016,14537
47,2017,14045
47,2018,15509
47,2019,14956
47,2020,12397
47,2021,14105
47,2022,10002
48,1996,1991
48,1997,1665
48,1998,1598
48,1999,2059
48,2000,2183
48,2001,2313
48,2002,2549
48,2003,2160
48,2004,1954
48,2005,1998
48,2006,1897
48,2007,1949
48,2008,2158
48,2009,2075
48,2010,2079
48,2011,2199
48,2012,2103
48,2013,2076
48,2014,2186
48,2015,2153
48,2016,2191
48,2017,2179
48,2018,2172
48,2019,2503
48,2020,2421
48,2021,2524
48,2022,1675
49,1996,30018
49,1997,29275
49,1998,28873
49,1999,27850
49,2000,30937
49,2001,36223
49,2002,34365
49,2003,34434
49,2004,31832
49,2005,32193
49,2006,30717
49,2007,29982
49,2008,29271
49,2009,27887
49,2010,26984
49,2011,28172
49,2012,29104
49,2013,29691
49,2014,29575
49,2015,30660
49,2016,31715
49,2017,31555
49,2018,31533
49,2019,31840
49,2020,28759
49,2021,30627
49,2022,21622
50,1996,15366
50,1997,15530
50,1998,14100
50,1999,16471
50,2000,16843
50,2001,18257
50,2002,19565
50,2003,18442
50,2004,18034
50,2005,17315
50,2006,17227
50,2007,16701
50,2008,16317
50,2009,15528
50,2010,15124
50,2011,14143
50,2012,13418
50,2013,13800
50,2014,14111
50,2015,14377
50,2016,14492
50,2017,15948
50,2018,15868
50,2019,16392
50,2020,14183
50,2021,15800
50,2022,11210
51,1996,32525
51,1997,32990
51,1998,33307
51,1999,31775
51,2000,32369
51,2001,33562
51,2002,37148
51,2003,35954
51,2004,35481
51,2005,36701
51,2006,35921
51,2007,33321
51,2008,34639
51,2009,33152
51,2010,33286
51,2011,32571
51,2012,32138
51,2013,31441
51,2014,32275
51,2015,31730
51,2016,30458
51,2017,30816
51,2018,30552
51,2019,31267
51,2020,27225
51,2021,29948
51,2022,21635
52,1996,7845
52,1997,8082
52,1998,7361
52,1999,7139
52,2000,7945
52,2001,9008
52,2002,10400
52,2003,9738
52,2004,8718
52,2005,8629
52,2006,8587
52,2007,8980
52,2008,9075
52,2009,8731
52,2010,7761
52,2011,8388
52,2012,7775
52,2013,8147
52,2014,8111
52,2015,7803
52,2016,7820
52,2017,7742
52,2018,7942
52,2019,8015
52,2020,6727
52,2021,7479
52,2022,5280
53,1996,7341
53,1997,6989
53,1998,7070
53,1999,7867
53,2000,8174
53,2001,9983
53,2002,9767
53,2003,9521
53,2004,9686
53,2005,9218
53,2006,8651
53,2007,8355
53,2008,8672
53,2009,8640
53,2010,8878
53,2011,8526
53,2012,9317
53,2013,9825
53,2014,10183
53,2015,9925
53,2016,10121
53,2017,10388
53,2018,10330
53,2019,10484
53,2020,9963
53,2021,10550
53,2022,7720
54,1996,38568
54,1997,39710
54,1998,38460
54,1999,36727
54,2000,38228
54,2001,40240
54,2002,43525
54,2003,42486
54,2004,39214
54,2005,40735
54,2006,39246
54,2007,37858
54,2008,36863
54,2009,35960
54,2010,36686
54,2011,34658
54,2012,36355
54,2013,36680
54,2014,37552
54,2015,36988
54,2016,35710
54,2017,34865
54,2018,33611
54,2019,34510
54,2020,31032
54,2021,35203
54,2022,25281
55,1996,7606
55,1997,7326
55,1998,7057
55,1999,7337
55,2000,7967
55,2001,8159
55,2002,9020
55,2003,8017
55,2004,7723
55,2005,7465
55,2006,7488
55,2007,7070
55,2008,7218
55,2009,7023
55,2010,6787
55,2011,6508
55,2012,7002
55,2013,8036
55,2014,7557
55,2015,7367
55,2016,7210
55,2017,7244
55,2018,7393
55,2019,7479
55,2020,7645
55,2021,8128
55,2022,5698
56,1996,23337
56,1997,23868
56,1998,23168
56,1999,22844
56,2000,24972
56,2001,27780
56,2002,29707
56,2003,28304
56,2004,26819
56,2005,26033
56,2006,28166
56,2007,27259
56,2008,26604
56,2009,27111
56,2010,25840
56,2011,26154
56,2012,25382
56,2013,25898
56,2014,25821
56,2015,26184
56,2016,27656
56,2017,28670
56,2018,28108
56,2019,29392
56,2020,25906
56,2021,29485
56,2022,21488
57,1996,49046
57,1997,49042
57,1998,48180
57,1999,47939
57,2000,52179
57,2001,56451
57,2002,57615
57,2003,55005
57,2004,50801
57,2005,50580
57,2006,48586
57,2007,48286
57,2008,48746
57,2009,47721
57,2010,45331
57,2011,46076
57,2012,45914
57,2013,44923
57,2014,44542
57,2015,44333
57,2016,42575
57,2017,43479
57,2018,43127
57,2019,44699
57,2020,39208
57,2021,41506
57,2022,30213
58,1996,8183
58,1997,8277
58,1998,7273
58,1999,7307
58,2000,8656
58,2001,9829
58,2002,10300
58,2003,9539
58,2004,9019
58,2005,9268
58,2006,8313
58,2007,8056
58,2008,7957
58,2009,7544
58,2010,7514
58,2011,7178
58,2012,7558
58,2013,7815
58,2014,8290
58,2015,8557
58,2016,8348
58,2017,9036
58,2018,8102
58,2019,8855
58,2020,8385
58,2021,7891
58,2022,5679
59,1996,178061
59,1997,181091
59,1998,183140
59,1999,179470
59,2000,182851
59,2001,188962
59,2002,189185
59,2003,180913
59,2004,170832
59,2005,170105
59,2006,176134
59,2007,166661
59,2008,165226
59,2009,164016
59,2010,165411
59,2011,162412
59,2012,158545
59,2013,161483
59,2014,154176
59,2015,162583
59,2016,162056
59,2017,160257
59,2018,160566
59,2019,165754
59,2020,143523
59,2021,154501
59,2022,109036
60,1996,42176
60,1997,42531
60,1998,44256
60,1999,42782
60,2000,48426
60,2001,53108
60,2002,55044
60,2003,51366
60,2004,49121
60,2005,45314
60,2006,44683
60,2007,43768
60,2008,43015
60,2009,43966
60,2010,41135
60,2011,42566
60,2012,42040
60,2013,42302
60,2014,43810
60,2015,42656
60,2016,42673
60,2017,41988
60,2018,41336
60,2019,40821
60,2020,37236
60,2021,41238
60,2022,28519
61,1996,9632
61,1997,9788
61,1998,9329
61,1999,10049
61,2000,8835
61,2001,9830
61,2002,9946
61,2003,10117
61,2004,10461
61,2005,10014
61,2006,9904
61,2007,10019
61,2008,10000
61,2009,10733
61,2010,10047
61,2011,9979
61,2012,9911
61,2013,9878
61,2014,10910
61,2015,10809
61,2016,10535
61,2017,11179
61,2018,11033
61,2019,11378
61,2020,10745
61,2021,11584
61,2022,8270
62,1996,78006
62,1997,79109
62,1998,77256
62,1999,81149
62,2000,84627
62,2001,89860
62,2002,92270
62,2003,84570
62,2004,81053
62,2005,83015
62,2006,81131
62,2007,81279
62,2008,80172
62,2009,75871
62,2010,73833
62,2011,72545
62,2012,71090
62,2013,70045
62,2014,71238
62,2015,74385
62,2016,73520
62,2017,71327
62,2018,72706
62,2019,74568
62,2020,65888
62,2021,68506
62,2022,50282
63,1996,26424
63,1997,23581
63,1998,24130
63,1999,22718
63,2000,25008
63,2001,27422
63,2002,29852
63,2003,26976
63,2004,26915
63,2005,26008
63,2006,25611
63,2007,25215
63,2008,25973
63,2009,25566
63,2010,25336
63,2011,24459
63,2012,25086
63,2013,26641
63,2014,26269
63,2015,27453
63,2016,28721
63,2017,30459
63,2018,29026
63,2019,29698
63,2020,26145
63,2021,28032
63,2022,19316
64,1996,31350
64,1997,29114
64,1998,31440
64,1999,29884
64,2000,31584
64,2001,34627
64,2002,32668
64,2003,31209
64,2004,28780
64,2005,27520
64,2006,28131
64,2007,28192
64,2008,28207
64,2009,28064
64,2010,27868
64,2011,29162
64,2012,26945
64,2013,26781
64,2014,27204
64,2015,27602
64,2016,26286
64,2017,27602
64,2018,27032
64,2019,27017
64,2020,23622
64,2021,25112
64,2022,18669
65,1996,11602
65,1997,11803
65,1998,11247
65,1999,10113
65,2000,10244
65,2001,11227
65,2002,11389
65,2003,10394
65,2004,9947
65,2005,9764
65,2006,9527
65,2007,9586
65,2008,9781
65,2009,9368
65,2010,9045
65,2011,9467
65,2012,8945
65,2013,9728
65,2014,10088
65,2015,9639
65,2016,9791
65,2017,10048
65,2018,10162
65,2019,10263
65,2020,8487
65,2021,8973
65,2022,6739
66,1996,32847
66,1997,31132
66,1998,33349
66,1999,30813
66,2000,35512
66,2001,35475
66,2002,39083
66,2003,37897
66,2004,35526
66,2005,37047
66,2006,38386
66,2007,33535
66,2008,34906
66,2009,34285
66,2010,32383
66,2011,31099
66,2012,31292
66,2013,30946
66,2014,31027
66,2015,31165
66,2016,28488
66,2017,28671
66,2018,28918
66,2019,31038
66,2020,27130
66,2021,28743
66,2022,21145
67,1996,62014
67,1997,62745
67,1998,61287
67,1999,61814
67,2000,70308
67,2001,73732
67,2002,71331
67,2003,69101
67,2004,65281
67,2005,65450
67,2006,62174
67,2007,58375
67,2008,52803
67,2009,51861
67,2010,49339
67,2011,47581
67,2012,48403
67,2013,47538
67,2014,47383
67,2015,47568
67,2016,45993
67,2017,48712
67,2018,49708
67,2019,50551
67,2020,46986
67,2021,50712
67,2022,35158
68,1996,38794
68,1997,38131
68,1998,35130
68,1999,36766
68,2000,36402
68,2001,42001
68,2002,45452
68,2003,41986
68,2004,36891
68,2005,37364
68,2006,36274
68,2007,35124
68,2008,32788
68,2009,33611
68,2010,32240
68,2011,31093
68,2012,31099
68,2013,31744
68,2014,33278
68,2015,32241
68,2016,30119
68,2017,30599
68,2018,31041
68,2019,32249
68,2020,27828
68,2021,31789
68,2022,22663
69,1996,130152
69,1997,132404
69,1998,135280
69,1999,129121
69,2000,134717
69,2001,141050
69,2002,142196
69,2003,139074
69,2004,134729
69,2005,134125
69,2006,137141
69,2007,124160
69,2008,121365
69,2009,120531
69,2010,116078
69,2011,114544
69,2012,118941
69,2013,123632
69,2014,121708
69,2015,128391
69,2016,136928
69,2017,139607
69,2018,139329
69,2019,141679
69,2020,123777
69,2021,142334
69,2022,100731
70,1996,7083
70,1997,7029
70,1998,6948
70,1999,7963
70,2000,7963
70,2001,8747
70,2002,8733
70,2003,7587
70,2004,7468
70,2005,7481
70,2006,7265
70,2007,7232
70,2008,8226
70,2009,7766
70,2010,7368
70,2011,7198
70,2012,8141
70,2013,8642
70,2014,9220
70,2015,9090
70,2016,8386
70,2017,8176
70,2018,8155
70,2019,8299
70,2020,7613
70,2021,7634
70,2022,5582
71,1996,19022
71,1997,19830
71,1998,17546
71,1999,18749
71,2000,20729
71,2001,22703
71,2002,23454
71,2003,22215
71,2004,21974
71,2005,21471
71,2006,20402
71,2007,20040
71,2008,19411
71,2009,18676
71,2010,18519
71,2011,19671
71,2012,19227
71,2013,19948
71,2014,20374
71,2015,19757
71,2016,20422
71,2017,20744
71,2018,20728
71,2019,20506
71,2020,18476
71,2021,20783
71,2022,14276
72,1996,18443
72,1997,19401
72,1998,20353
72,1999,19834
72,2000,21462
72,2001,24277
72,2002,24656
72,2003,24359
72,2004,23519
72,2005,22095
72,2006,20986
72,2007,20953
72,2008,20563
72,2009,19826
72,2010,19184
72,2011,19568
72,2012,20798
72,2013,21211
72,2014,23156
72,2015,24201
72,2016,24855
72,2017,25128
72,2018,26518
72,2019,28608
72,2020,22912
72,2021,24698
72,2022,16588
73,1996,26522
73,1997,24209
73,1998,26583
73,1999,29203
73,2000,30232
73,2001,31027
73,2002,29787
73,2003,28598
73,2004,28889
73,2005,28393
73,2006,27073
73,2007,26981
73,2008,26926
73,2009,26861
73,2010,25650
73,2011,26254
73,2012,26491
73,2013,25296
73,2014,25218
73,2015,22586
73,2016,22225
73,2017,22122
73,2018,21259
73,2019,20807
73,2020,18268
73,2021,18606
73,2022,14312
74,1996,35560
74,1997,34604
74,1998,36622
74,1999,32639
74,2000,38104
74,2001,42471
74,2002,43110
74,2003,41946
74,2004,41126
74,2005,41925
74,2006,39741
74,2007,38259
74,2008,38601
74,2009,38074
74,2010,35317
74,2011,35982
74,2012,35782
74,2013,35120
74,2014,35817
74,2015,36434
74,2016,37361
74,2017,37726
74,2018,37879
74,2019,38792
74,2020,35316
74,2021,39505
74,2022,28107
75,1996,276159
75,1997,273137
75,1998,285974
75,1999,292068
75,2000,296546
75,2001,312156
75,2002,300787
75,2003,280356
75,2004,267943
75,2005,258958
75,2006,255688
75,2007,244451
75,2008,237888
75,2009,234445
75,2010,238114
75,2011,233038
75,2012,233853
75,2013,243788
75,2014,277148
75,2015,265180
75,2016,271657
75,2017,281518
75,2018,286979
75,2019,314530
75,2020,246731
75,2021,263945
75,2022,192414
76,1996,81568
76,1997,75427
76,1998,74540
76,1999,71083
76,2000,72207
76,2001,75456
76,2002,77364
76,2003,76737
76,2004,75162
76,2005,77109
76,2006,74837
76,2007,70503
76,2008,69439
76,2009,67936
76,2010,65791
76,2011,64750
76,2012,63357
76,2013,63195
76,2014,57959
76,2015,60888
76,2016,62821
76,2017,62440
76,2018,62433
76,2019,67357
76,2020,58671
76,2021,59850
76,2022,45900
77,1996,82900
77,1997,79471
77,1998,85539
77,1999,84618
77,2000,85989
77,2001,92977
77,2002,94808
77,2003,95588
77,2004,93045
77,2005,95317
77,2006,93226
77,2007,88116
77,2008,86066
77,2009,86412
77,2010,80808
77,2011,80803
77,2012,80518
77,2013,82133
77,2014,84606
77,2015,85741
77,2016,83365
77,2017,84173
77,2018,81797
77,2019,80481
77,2020,70447
77,2021,78646
77,2022,56238
78,1996,90951
78,1997,88205
78,1998,90996
78,1999,91307
78,2000,95968
78,2001,103892
78,2002,103319
78,2003,101811
78,2004,95166
78,2005,93060
78,2006,94244
78,2007,88331
78,2008,88593
78,2009,89903
78,2010,84309
78,2011,83954
78,2012,81739
78,2013,83821
78,2014,84102
78,2015,82600
78,2016,83228
78,2017,82327
78,2018,81371
78,2019,81660
78,2020,72222
78,2021,75695
78,2022,54509
79,1996,8770
79,1997,9060
79,1998,8137
79,1999,8314
79,2000,9677
79,2001,10487
79,2002,10737
79,2003,10543
79,2004,10434
79,2005,10483
79,2006,10928
79,2007,10804
79,2008,11744
79,2009,11919
79,2010,11937
79,2011,11655
79,2012,11957
79,2013,12498
79,2014,11557
79,2015,12236
79,2016,12317
79,2017,13334
79,2018,13209
79,2019,14066
79,2020,12581
79,2021,12954
79,2022,9649
80,1996,28950
80,1997,28964
80,1998,30199
80,1999,29977
80,2000,32002
80,2001,33178
80,2002,32132
80,2003,31082
80,2004,29445
80,2005,27649
80,2006,27515
80,2007,28285
80,2008,28146
80,2009,27559
80,2010,27086
80,2011,27754
80,2012,28162
80,2013,27431
80,2014,27190
80,2015,27238
80,2016,26481
80,2017,28162
80,2018,28839
80,2019,28164
80,2020,23405
80,2021,25327
80,2022,19153
81,1996,11094
81,1997,11900
81,1998,12029
81,1999,12671
81,2000,13310
81,2001,14593
81,2002,14959
81,2003,14531
81,2004,13501
81,2005,13184
81,2006,12748
81,2007,13144
81,2008,13166
81,2009,13887
81,2010,13738
81,2011,13381
81,2012,13341
81,2013,13106
81,2014,13879
81,2015,13774
81,2016,15027
81,2017,14985
81,2018,15448
81,2019,15602
81,2020,13734
81,2021,15288
81,2022,10938
82,1996,9099
82,1997,9160
82,1998,8861
82,1999,9411
82,2000,9651
82,2001,10752
82,2002,11030
82,2003,11026
82,2004,11097
82,2005,10627
82,2006,10918
82,2007,10984
82,2008,10625
82,2009,11463
82,2010,10559
82,2011,10760
82,2012,10491
82,2013,10948
82,2014,11058
82,2015,11106
82,2016,11449
82,2017,11697
82,2018,11454
82,2019,10746
82,2020,9454
82,2021,9308
82,2022,6777
83,1996,71838
83,1997,69625
83,1998,74407
83,1999,70715
83,2000,72544
83,2001,82459
83,2002,78820
83,2003,73346
83,2004,70198
83,2005,69356
83,2006,68750
83,2007,64957
83,2008,62812
83,2009,63805
83,2010,62959
83,2011,61700
83,2012,61069
83,2013,62845
83,2014,63981
83,2015,65200
83,2016,64515
83,2017,64524
83,2018,63969
83,2019,63991
83,2020,57165
83,2021,64463
83,2022,46451
84,1996,37279
84,1997,34265
84,1998,33250
84,1999,34871
84,2000,39294
84,2001,44449
84,2002,45352
84,2003,41922
84,2004,39645
84,2005,37559
84,2006,37028
84,2007,36594
84,2008,38234
84,2009,39068
84,2010,36998
84,2011,36159
84,2012,33527
84,2013,32577
84,2014,32867
84,2015,32980
84,2016,32927
84,2017,31564
84,2018,31027
84,2019,31998
84,2020,27398
84,2021,31334
84,2022,22228
85,1996,19445
85,1997,17442
85,1998,15719
85,1999,18686
85,2000,19589
85,2001,22005
85,2002,24289
85,2003,22654
85,2004,21087
85,2005,21585
85,2006,21359
85,2007,20001
85,2008,20605
85,2009,21093
85,2010,20087
85,2011,21020
85,2012,20457
85,2013,22567
85,2014,23086
85,2015,22544
85,2016,22656
85,2017,23132
85,2018,22951
85,2019,23838
85,2020,22183
85,2021,23576
85,2022,17304
86,1996,16339
86,1997,16356
86,1998,14807
86,1999,16084
86,2000,15677
86,2001,18043
86,2002,19631
86,2003,19524
86,2004,19213
86,2005,18776
86,2006,18611
86,2007,17741
86,2008,17877
86,2009,17152
86,2010,16551
86,2011,15919
86,2012,15439
86,2013,17653
86,2014,18073
86,2015,18447
86,2016,17754
86,2017,18609
86,2018,19048
86,2019,20187
86,2020,17597
86,2021,18524
86,2022,13755
87,1996,11053
87,1997,10891
87,1998,11054
87,1999,12758
87,2000,14229
87,2001,14419
87,2002,15095
87,2003,14195
87,2004,14639
87,2005,14947
87,2006,14027
87,2007,14316
87,2008,15058
87,2009,14353
87,2010,13427
87,2011,13560
87,2012,13062
87,2013,13156
87,2014,13071
87,2015,13095
87,2016,13886
87,2017,13682
87,2018,13220
87,2019,13922
87,2020,12529
87,2021,14912
87,2022,11202
88,1996,12283
88,1997,12588
88,1998,12001
88,1999,11835
88,2000,11830
88,2001,14944
88,2002,15457
88,2003,15402
88,2004,14484
88,2005,14002
88,2006,14169
88,2007,14846
88,2008,14226
88,2009,14769
88,2010,13163
88,2011,13870
88,2012,12579
88,2013,12462
88,2014,12606
88,2015,13132
88,2016,13502
88,2017,14204
88,2018,13524
88,2019,14339
88,2020,13377
88,2021,14011
88,2022,9390
89,1996,12885
89,1997,14131
89,1998,13392
89,1999,15220
89,2000,16245
89,2001,17894
89,2002,19566
89,2003,19279
89,2004,18326
89,2005,16713
89,2006,16636
89,2007,15491
89,2008,16341
89,2009,15947
89,2010,15926
89,2011,16211
89,2012,16265
89,2013,16645
89,2014,20213
89,2015,17493
89,2016,19294
89,2017,17516
89,2018,17456
89,2019,16440
89,2020,16314
89,2021,17314
89,2022,11992
90,1996,7354
90,1997,6873
90,1998,6533
90,1999,7062
90,2000,7074
90,2001,7523
90,2002,7889
90,2003,7544
90,2004,7476
90,2005,7008
90,2006,7038
90,2007,6588
90,2008,6754
90,2009,6446
90,2010,6394
90,2011,6271
90,2012,6127
90,2013,6479
90,2014,6580
90,2015,6353
90,2016,6693
90,2017,6440
90,2018,6344
90,2019,6202
90,2020,5029
90,2021,5177
90,2022,3733
91,1996,75743
91,1997,71361
91,1998,73225
91,1999,74035
91,2000,75602
91,2001,81482
91,2002,82419
91,2003,81024
91,2004,79118
91,2005,79250
91,2006,77537
91,2007,76200
91,2008,75699
91,2009,71493
91,2010,69801
91,2011,71790
91,2012,71114
91,2013,71856
91,2014,70229
91,2015,71741
91,2016,69449
91,2017,69778
91,2018,70037
91,2019,71017
91,2020,64566
91,2021,70370
91,2022,51045
92,1996,102955
92,1997,100640
92,1998,97889
92,1999,102067
92,2000,108760
92,2001,118750
92,2002,116632
92,2003,113043
92,2004,107026
92,2005,104136
92,2006,103022
92,2007,97624
92,2008,94204
92,2009,96581
92,2010,96476
92,2011,95567
92,2012,96050
92,2013,101152
92,2014,109619
92,2015,112093
92,2016,111533
92,2017,107212
92,2018,109142
92,2019,115501
92,2020,103572
92,2021,115945
92,2022,80579
93,1996,112569
93,1997,115421
93,1998,118120
93,1999,125169
93,2000,132867
93,2001,141790
93,2002,140262
93,2003,137320
93,2004,134323
93,2005,134575
93,2006,146856
93,2007,147307
93,2008,141890
93,2009,142748
93,2010,142034
93,2011,140367
93,2012,140353
93,2013,141825
93,2014,135741
93,2015,136779
93,2016,140049
93,2017,144750
93,2018,142255
93,2019,150176
93,2020,137446
93,2021,148023
93,2022,102721
94,1996,92175
94,1997,90945
94,1998,92116
94,1999,93442
94,2000,103160
94,2001,106055
94,2002,103441
94,2003,103198
94,2004,97371
94,2005,95382
94,2006,93302
94,2007,94658
94,2008,92343
94,2009,91214
94,2010,90179
94,2011,89103
94,2012,88535
94,2013,86031
94,2014,91432
94,2015,95136
94,2016,90855
94,2017,92341
94,2018,90605
94,2019,94694
94,2020,87247
94,2021,93728
94,2022,65423
95,1996,92172
95,1997,93497
95,1998,92577
95,1999,96865
95,2000,105247
95,2001,111693
95,2002,112710
95,2003,106366
95,2004,98845
95,2005,98653
95,2006,97335
95,2007,94841
95,2008,93641
95,2009,93183
95,2010,92307
95,2011,92478
95,2012,88837
95,2013,87559
95,2014,83551
95,2015,82598
95,2016,80767
95,2017,83552
95,2018,80749
95,2019,84263
95,2020,73729
95,2021,82364
95,2022,57051
971,2000,24827
971,2001,26670
971,2002,28798
971,2003,27575
971,2004,28240
971,2005,24715
971,2006,24891
971,2007,26092
971,2008,26032
971,2009,27034
971,2010,26470
971,2011,25675
971,2012,25709
971,2013,26178
971,2014,24867
971,2015,25709
971,2016,25330
971,2017,24295
971,2018,23542
971,2019,23463
971,2020,21096
971,2021,23561
971,2022,15663
972,2000,21955
972,2001,24512
972,2002,24491
972,2003,22263
972,2004,23267
972,2005,22125
972,2006,21581
972,2007,21244
972,2008,22130
972,2009,22069
972,2010,22411
972,2011,21757
972,2012,22645
972,2013,21180
972,2014,19734
972,2015,19369
972,2016,18936
972,2017,18685
972,2018,17609
972,2019,18851
972,2020,16219
972,2021,18101
972,2022,12329
973,2000,15730
973,2001,15311
973,2002,17961
973,2003,18654
973,2004,20111
973,2005,22998
973,2006,24034
973,2007,24687
973,2008,21837
973,2009,26696
973,2010,28271
973,2011,30420
973,2012,30684
973,2013,21771
973,2014,19772
973,2015,21135
973,2016,21689
973,2017,19688
973,2018,17981
973,2019,19176
973,2020,17518
973,2021,20258
973,2022,13711
974,2000,28673
974,2001,32930
974,2002,34407
974,2003,34722
974,2004,33793
974,2005,33954
974,2006,31530
974,2007,30911
974,2008,31403
974,2009,31338
974,2010,30590
974,2011,31138
974,2012,29251
974,2013,29652
974,2014,30004
974,2015,33225
974,2016,36298
974,2017,34235
974,2018,32506
974,2019,31341
974,2020,27692
974,2021,29098
974,2022,19157
975,2000,0
975,2001,0
975,2002,0
975,2003,75
975,2004,110
975,2005,86
975,2006,128
975,2007,111
975,2008,133
975,2009,197
975,2010,139
975,2011,139
975,2012,151
975,2013,139
975,2014,101
975,2015,135
975,2016,112
975,2017,99
975,2018,140
975,2019,152
975,2020,125
975,2021,149
975,2022,90
976,2000,1053
976,2001,1471
976,2002,4988
976,2003,10861
976,2004,13181
976,2005,12792
976,2006,19090
976,2007,22795
976,2008,21256
976,2009,21236
976,2010,27037
976,2011,27508
976,2012,22347
976,2013,12868
976,2014,14045
976,2015,12038
976,2016,10913
976,2017,10048
976,2018,9189
976,2019,10115
976,2020,10576
976,2021,11635
976,2022,8286
977,2005,501
977,2006,387
977,2007,458
977,2008,480
977,2009,526
977,2010,490
977,2011,469
977,2012,418
977,2013,428
977,2014,436
977,2015,347
977,2016,421
977,2017,481
977,2018,425
977,2019,472
977,2020,382
977,2021,471
977,2022,400
978,2005,2606
978,2006,3071
978,2007,3763
978,2008,3704
978,2009,3983
978,2010,3601
978,2011,3804
978,2012,3772
978,2013,3822
978,2014,3347
978,2015,3155
978,2016,2585
978,2017,2657
978,2018,2514
978,2019,2590
978,2020,2525
978,2021,2497
978,2022,1867
986,2003,119
986,2004,145
986,2005,172
986,2006,97
986,2007,242
986,2008,188
986,2009,129
986,2010,134
986,2011,115
986,2012,224
986,2013,189
986,2014,133
986,2015,173
986,2016,124
986,2017,135
986,2018,149
986,2019,127
986,2020,177
986,2021,183
986,2022,84
987,2000,2779
987,2001,3225
987,2002,3459
987,2003,8977
987,2004,9131
987,2005,9720
987,2006,9269
987,2007,10748
987,2008,10949
987,2009,12156
987,2010,13362
987,2011,13538
987,2012,13378
987,2013,14627
987,2014,14146
987,2015,13739
987,2016,12639
987,2017,12358
987,2018,11851
987,2019,12115
987,2020,10307
987,2021,10129
987,2022,7042
988,2000,4974
988,2001,6481
988,2002,8129
988,2003,11714
988,2004,13388
988,2005,12513
988,2006,13058
988,2007,12421
988,2008,12387
988,2009,12458
988,2010,13994
988,2011,14755
988,2012,14131
988,2013,15955
988,2014,15485
988,2015,16943
988,2016,17532
988,2017,18358
988,2018,18967
988,2019,19541
988,2020,18018
988,2021,17085
988,2022,13060
