Année;Département;Délits_total
1996;01;18370
1996;02;26648
1996;03;14789
1996;04;7622
1996;05;6061
1996;06;99788
1996;07;9661
1996;08;14460
1996;09;4543
1996;10;13822
1996;11;19731
1996;12;6818
1996;13;168190
1996;14;31998
1996;15;3443
1996;16;16122
1996;17;32222
1996;18;13355
1996;19;8700
1996;21;23886
1996;22;17013
1996;23;2538
1996;24;12502
1996;25;25744
1996;26;29006
1996;27;22696
1996;28;20586
1996;29;31187
1996;30;46570
1996;31;62378
1996;32;3822
1996;33;90458
1996;34;75022
1996;35;32669
1996;36;7132
1996;37;30064
1996;38;66899
1996;39;9237
1996;40;13944
1996;41;11380
1996;42;42752
1996;43;5401
1996;44;65961
1996;45;32448
1996;46;4125
1996;47;12652
1996;48;1991
1996;49;30018
1996;50;15366
1996;51;32525
1996;52;7845
1996;53;7341
1996;54;38568
1996;55;7606
1996;56;23337
1996;57;49046
1996;58;8183
1996;59;178061
1996;60;42176
1996;61;9632
1996;62;78006
1996;63;26424
1996;64;31350
1996;65;11602
1996;66;32847
1996;67;62014
1996;68;38794
1996;69;130152
1996;70;7083
1996;71;19022
1996;72;18443
1996;73;26522
1996;74;35560
1996;75;276159
1996;76;81568
1996;77;82900
1996;78;90951
1996;79;8770
1996;80;28950
1996;81;11094
1996;82;9099
1996;83;71838
1996;84;37279
1996;85;19445
1996;86;16339
1996;87;11053
1996;88;12283
1996;89;12885
1996;90;7354
1996;91;75743
1996;92;102955
1996;93;112569
1996;94;92175
1996;95;92172
1997;01;18569
1997;02;23045
1997;03;13030
1997;04;7745
1997;05;5456
1997;06;99730
1997;07;9230
1997;08;14470
1997;09;4904
1997;10;14094
1997;11;19503
1997;12;6562
1997;13;159453
1997;14;32213
1997;15;3061
1997;16;14243
1997;17;31293
1997;18;12335
1997;19;8388
1997;21;22474
1997;22;16112
1997;23;3253
1997;24;13413
1997;25;26281
1997;26;25625
1997;27;24930
1997;28;18958
1997;29;29659
1997;30;41867
1997;31;62422
1997;32;3802
1997;33;87882
1997;34;70552
1997;35;34054
1997;36;7201
1997;37;27883
1997;38;67590
1997;39;9141
1997;40;13488
1997;41;12068
1997;42;42461
1997;43;5652
1997;44;61038
1997;45;33714
1997;46;4117
1997;47;11193
1997;48;1665
1997;49;29275
1997;50;15530
1997;51;32990
1997;52;8082
1997;53;6989
1997;54;39710
1997;55;7326
1997;56;23868
1997;57;49042
1997;58;8277
1997;59;181091
1997;60;42531
1997;61;9788
1997;62;79109
1997;63;23581
1997;64;29114
1997;65;11803
1997;66;31132
1997;67;62745
1997;68;38131
1997;69;132404
1997;70;7029
1997;71;19830
1997;72;19401
1997;73;24209
1997;74;34604
1997;75;273137
1997;76;75427
1997;77;79471
1997;78;88205
1997;79;9060
1997;80;28964
1997;81;11900
1997;82;9160
1997;83;69625
1997;84;34265
1997;85;17442
1997;86;16356
1997;87;10891
1997;88;12588
1997;89;14131
1997;90;6873
1997;91;71361
1997;92;100640
1997;93;115421
1997;94;90945
1997;95;93497
1998;01;20267
1998;02;24044
1998;03;13851
1998;04;7632
1998;05;6166
1998;06;104422
1998;07;10132
1998;08;11821
1998;09;5152
1998;10;15379
1998;11;20699
1998;12;7341
1998;13;170872
1998;14;32027
1998;15;3406
1998;16;11877
1998;17;28723
1998;18;13218
1998;19;9283
1998;21;23266
1998;22;16534
1998;23;2783
1998;24;12782
1998;25;24663
1998;26;26025
1998;27;26623
1998;28;19003
1998;29;36017
1998;30;43972
1998;31;59344
1998;32;4396
1998;33;82839
1998;34;73175
1998;35;37084
1998;36;8615
1998;37;27303
1998;38;68379
1998;39;7950
1998;40;14008
1998;41;12183
1998;42;41782
1998;43;5526
1998;44;64057
1998;45;36132
1998;46;3883
1998;47;12911
1998;48;1598
1998;49;28873
1998;50;14100
1998;51;33307
1998;52;7361
1998;53;7070
1998;54;38460
1998;55;7057
1998;56;23168
1998;57;48180
1998;58;7273
1998;59;183140
1998;60;44256
1998;61;9329
1998;62;77256
1998;63;24130
1998;64;31440
1998;65;11247
1998;66;33349
1998;67;61287
1998;68;35130
1998;69;135280
1998;70;6948
1998;71;17546
1998;72;20353
1998;73;26583
1998;74;36622
1998;75;285974
1998;76;74540
1998;77;85539
1998;78;90996
1998;79;8137
1998;80;30199
1998;81;12029
1998;82;8861
1998;83;74407
1998;84;33250
1998;85;15719
1998;86;14807
1998;87;11054
1998;88;12001
1998;89;13392
1998;90;6533
1998;91;73225
1998;92;97889
1998;93;118120
1998;94;92116
1998;95;92577
1999;01;19613
1999;02;22953
1999;03;14409
1999;04;6585
1999;05;5821
1999;06;103317
1999;07;9116
1999;08;12333
1999;09;5159
1999;10;15757
1999;11;20383
1999;12;7298
1999;13;168281
1999;14;33087
1999;15;3415
1999;16;11842
1999;17;33478
1999;18;12976
1999;19;8435
1999;21;21845
1999;22;16283
1999;23;3093
1999;24;11719
1999;25;24367
1999;26;24638
1999;27;24237
1999;28;18457
1999;29;33276
1999;30;44678
1999;31;62458
1999;32;4035
1999;33;85747
1999;34;78551
1999;35;37395
1999;36;8460
1999;37;26721
1999;38;62908
1999;39;8254
1999;40;13747
1999;41;11900
1999;42;40875
1999;43;5830
1999;44;67179
1999;45;37070
1999;46;4551
1999;47;13747
1999;48;2059
1999;49;27850
1999;50;16471
1999;51;31775
1999;52;7139
1999;53;7867
1999;54;36727
1999;55;7337
1999;56;22844
1999;57;47939
1999;58;7307
1999;59;179470
1999;60;42782
1999;61;10049
1999;62;81149
1999;63;22718
1999;64;29884
1999;65;10113
1999;66;30813
1999;67;61814
1999;68;36766
1999;69;129121
1999;70;7963
1999;71;18749
1999;72;19834
1999;73;29203
1999;74;32639
1999;75;292068
1999;76;71083
1999;77;84618
1999;78;91307
1999;79;8314
1999;80;29977
1999;81;12671
1999;82;9411
1999;83;70715
1999;84;34871
1999;85;18686
1999;86;16084
1999;87;12758
1999;88;11835
1999;89;15220
1999;90;7062
1999;91;74035
1999;92;102067
1999;93;125169
1999;94;93442
1999;95;96865
2000;01;22529
2000;02;24561
2000;03;13302
2000;04;6897
2000;05;5872
2000;06;110226
2000;07;9295
2000;08;12604
2000;09;5241
2000;10;15941
2000;11;21912
2000;12;7892
2000;13;176241
2000;14;34585
2000;15;3673
2000;16;12563
2000;17;34665
2000;18;13156
2000;19;9167
2000;21;22652
2000;22;17828
2000;23;3367
2000;24;12702
2000;25;25204
2000;26;26360
2000;27;23883
2000;28;18659
2000;29;37368
2000;30;49340
2000;31;66161
2000;32;4544
2000;33;86688
2000;34;82669
2000;35;40931
2000;36;9513
2000;37;29965
2000;38;68999
2000;39;8844
2000;40;14991
2000;41;12496
2000;42;43145
2000;43;6181
2000;44;67659
2000;45;37187
2000;46;4513
2000;47;14236
2000;48;2183
2000;49;30937
2000;50;16843
2000;51;32369
2000;52;7945
2000;53;8174
2000;54;38228
2000;55;7967
2000;56;24972
2000;57;52179
2000;58;8656
2000;59;182851
2000;60;48426
2000;61;8835
2000;62;84627
2000;63;25008
2000;64;31584
2000;65;10244
2000;66;35512
2000;67;70308
2000;68;36402
2000;69;134717
2000;70;7963
2000;71;20729
2000;72;21462
2000;73;30232
2000;74;38104
2000;75;296546
2000;76;72207
2000;77;85989
2000;78;95968
2000;79;9677
2000;80;32002
2000;81;13310
2000;82;9651
2000;83;72544
2000;84;39294
2000;85;19589
2000;86;15677
2000;87;14229
2000;88;11830
2000;89;16245
2000;90;7074
2000;91;75602
2000;92;108760
2000;93;132867
2000;94;103160
2000;95;105247
2000;971;24827
2000;972;21955
2000;973;15730
2000;974;28673
2000;975;0
2000;976;1053
2000;987;2779
2000;988;4974
2001;01;24984
2001;02;26004
2001;03;13998
2001;04;7588
2001;05;6762
2001;06;117174
2001;07;10220
2001;08;14214
2001;09;6225
2001;10;18452
2001;11;22585
2001;12;8318
2001;13;191780
2001;14;36613
2001;15;3895
2001;16;14318
2001;17;36511
2001;18;14628
2001;19;9811
2001;21;25271
2001;22;19429
2001;23;3588
2001;24;15010
2001;25;26518
2001;26;31180
2001;27;30873
2001;28;21763
2001;29;38400
2001;30;51957
2001;31;80502
2001;32;5469
2001;33;93546
2001;34;86845
2001;35;44990
2001;36;9439
2001;37;31763
2001;38;74079
2001;39;9694
2001;40;16633
2001;41;13614
2001;42;41432
2001;43;6091
2001;44;83527
2001;45;42063
2001;46;6018
2001;47;15043
2001;48;2313
2001;49;36223
2001;50;18257
2001;51;33562
2001;52;9008
2001;53;9983
2001;54;40240
2001;55;8159
2001;56;27780
2001;57;56451
2001;58;9829
2001;59;188962
2001;60;53108
2001;61;9830
2001;62;89860
2001;63;27422
2001;64;34627
2001;65;11227
2001;66;35475
2001;67;73732
2001;68;42001
2001;69;141050
2001;70;8747
2001;71;22703
2001;72;24277
2001;73;31027
2001;74;42471
2001;75;312156
2001;76;75456
2001;77;92977
2001;78;103892
2001;79;10487
2001;80;33178
2001;81;14593
2001;82;10752
2001;83;82459
2001;84;44449
2001;85;22005
2001;86;18043
2001;87;14419
2001;88;14944
2001;89;17894
2001;90;7523
2001;91;81482
2001;92;118750
2001;93;141790
2001;94;106055
2001;95;111693
2001;971;26670
2001;972;24512
2001;973;15311
2001;974;32930
2001;975;0
2001;976;1471
2001;987;3225
2001;988;6481
2002;01;27299
2002;02;28452
2002;03;14853
2002;04;7884
2002;05;7314
2002;06;114776
2002;07;11171
2002;08;15360
2002;09;6288
2002;10;18710
2002;11;21472
2002;12;8191
2002;13;188008
2002;14;37786
2002;15;3931
2002;16;14474
2002;17;37696
2002;18;15833
2002;19;9033
2002;21;27373
2002;22;22688
2002;23;3756
2002;24;15069
2002;25;28235
2002;26;32114
2002;27;31488
2002;28;22753
2002;29;40657
2002;30;49779
2002;31;79045
2002;32;5826
2002;33;96708
2002;34;86204
2002;35;48371
2002;36;10004
2002;37;34831
2002;38;77339
2002;39;9864
2002;40;18150
2002;41;14059
2002;42;40567
2002;43;6651
2002;44;82344
2002;45;42349
2002;46;5752
2002;47;15492
2002;48;2549
2002;49;34365
2002;50;19565
2002;51;37148
2002;52;10400
2002;53;9767
2002;54;43525
2002;55;9020
2002;56;29707
2002;57;57615
2002;58;10300
2002;59;189185
2002;60;55044
2002;61;9946
2002;62;92270
2002;63;29852
2002;64;32668
2002;65;11389
2002;66;39083
2002;67;71331
2002;68;45452
2002;69;142196
2002;70;8733
2002;71;23454
2002;72;24656
2002;73;29787
2002;74;43110
2002;75;300787
2002;76;77364
2002;77;94808
2002;78;103319
2002;79;10737
2002;80;32132
2002;81;14959
2002;82;11030
2002;83;78820
2002;84;45352
2002;85;24289
2002;86;19631
2002;87;15095
2002;88;15457
2002;89;19566
2002;90;7889
2002;91;82419
2002;92;116632
2002;93;140262
2002;94;103441
2002;95;112710
2002;971;28798
2002;972;24491
2002;973;17961
2002;974;34407
2002;975;0
2002;976;4988
2002;987;3459
2002;988;8129
2003;01;25833
2003;02;26866
2003;03;13289
2003;04;7623
2003;05;6909
2003;06;111118
2003;07;10830
2003;08;13989
2003;09;5474
2003;10;16544
2003;11;20809
2003;12;8200
2003;13;183979
2003;14;37325
2003;15;3766
2003;16;12618
2003;17;37019
2003;18;15019
2003;19;8883
2003;21;26609
2003;22;22174
2003;23;3068
2003;24;14443
2003;25;26243
2003;26;30271
2003;27;29845
2003;28;21156
2003;29;38838
2003;30;50200
2003;31;80297
2003;32;5950
2003;33;95851
2003;34;81937
2003;35;47198
2003;36;8988
2003;37;31043
2003;38;80603
2003;39;9497
2003;40;16834
2003;41;12853
2003;42;38089
2003;43;6452
2003;44;80239
2003;45;40521
2003;46;5713
2003;47;14566
2003;48;2160
2003;49;34434
2003;50;18442
2003;51;35954
2003;52;9738
2003;53;9521
2003;54;42486
2003;55;8017
2003;56;28304
2003;57;55005
2003;58;9539
2003;59;180913
2003;60;51366
2003;61;10117
2003;62;84570
2003;63;26976
2003;64;31209
2003;65;10394
2003;66;37897
2003;67;69101
2003;68;41986
2003;69;139074
2003;70;7587
2003;71;22215
2003;72;24359
2003;73;28598
2003;74;41946
2003;75;280356
2003;76;76737
2003;77;95588
2003;78;101811
2003;79;10543
2003;80;31082
2003;81;14531
2003;82;11026
2003;83;73346
2003;84;41922
2003;85;22654
2003;86;19524
2003;87;14195
2003;88;15402
2003;89;19279
2003;90;7544
2003;91;81024
2003;92;113043
2003;93;137320
2003;94;103198
2003;95;106366
2003;971;27575
2003;972;22263
2003;973;18654
2003;974;34722
2003;975;75
2003;976;10861
2003;986;119
2003;987;8977
2003;988;11714
2004;01;24002
2004;02;25134
2004;03;12530
2004;04;7201
2004;05;6146
2004;06;110408
2004;07;10808
2004;08;13047
2004;09;5484
2004;10;17050
2004;11;20160
2004;12;8020
2004;13;183525
2004;14;36466
2004;15;3559
2004;16;11524
2004;17;34472
2004;18;14318
2004;19;8244
2004;21;26040
2004;22;21112
2004;23;2753
2004;24;14731
2004;25;26805
2004;26;27761
2004;27;28916
2004;28;20396
2004;29;38061
2004;30;49920
2004;31;78902
2004;32;5506
2004;33;98583
2004;34;82375
2004;35;44802
2004;36;8234
2004;37;30839
2004;38;75204
2004;39;9203
2004;40;16067
2004;41;11817
2004;42;37144
2004;43;6330
2004;44;76471
2004;45;39921
2004;46;4699
2004;47;13386
2004;48;1954
2004;49;31832
2004;50;18034
2004;51;35481
2004;52;8718
2004;53;9686
2004;54;39214
2004;55;7723
2004;56;26819
2004;57;50801
2004;58;9019
2004;59;170832
2004;60;49121
2004;61;10461
2004;62;81053
2004;63;26915
2004;64;28780
2004;65;9947
2004;66;35526
2004;67;65281
2004;68;36891
2004;69;134729
2004;70;7468
2004;71;21974
2004;72;23519
2004;73;28889
2004;74;41126
2004;75;267943
2004;76;75162
2004;77;93045
2004;78;95166
2004;79;10434
2004;80;29445
2004;81;13501
2004;82;11097
2004;83;70198
2004;84;39645
2004;85;21087
2004;86;19213
2004;87;14639
2004;88;14484
2004;89;18326
2004;90;7476
2004;91;79118
2004;92;107026
2004;93;134323
2004;94;97371
2004;95;98845
2004;971;28240
2004;972;23267
2004;973;20111
2004;974;33793
2004;975;110
2004;976;13181
2004;986;145
2004;987;9131
2004;988;13388
2005;01;23582
2005;02;24395
2005;03;12507
2005;04;7077
2005;05;6050
2005;06;113715
2005;07;10952
2005;08;12483
2005;09;4771
2005;10;16355
2005;11;19954
2005;12;7367
2005;13;187099
2005;14;33402
2005;15;3512
2005;16;11878
2005;17;34488
2005;18;13992
2005;19;8181
2005;21;25417
2005;22;20807
2005;23;2760
2005;24;15293
2005;25;24737
2005;26;26748
2005;27;27631
2005;28;18988
2005;29;37004
2005;30;48457
2005;31;77842
2005;32;5521
2005;33;100217
2005;34;79909
2005;35;46098
2005;36;7747
2005;37;27938
2005;38;73065
2005;39;8924
2005;40;16767
2005;41;12901
2005;42;36435
2005;43;5972
2005;44;76394
2005;45;36510
2005;46;4404
2005;47;13945
2005;48;1998
2005;49;32193
2005;50;17315
2005;51;36701
2005;52;8629
2005;53;9218
2005;54;40735
2005;55;7465
2005;56;26033
2005;57;50580
2005;58;9268
2005;59;170105
2005;60;45314
2005;61;10014
2005;62;83015
2005;63;26008
2005;64;27520
2005;65;9764
2005;66;37047
2005;67;65450
2005;68;37364
2005;69;134125
2005;70;7481
2005;71;21471
2005;72;22095
2005;73;28393
2005;74;41925
2005;75;258958
2005;76;77109
2005;77;95317
2005;78;93060
2005;79;10483
2005;80;27649
2005;81;13184
2005;82;10627
2005;83;69356
2005;84;37559
2005;85;21585
2005;86;18776
2005;87;14947
2005;88;14002
2005;89;16713
2005;90;7008
2005;91;79250
2005;92;104136
2005;93;134575
2005;94;95382
2005;95;98653
2005;971;24715
2005;972;22125
2005;973;22998
2005;974;33954
2005;975;86
2005;976;12792
2005;977;501
2005;978;2606
2005;986;172
2005;987;9720
2005;988;12513
2006;01;23301
2006;02;25450
2006;03;12367
2006;04;7353
2006;05;5940
2006;06;110039
2006;07;11554
2006;08;12526
2006;09;5106
2006;10;15683
2006;11;20014
2006;12;7320
2006;13;184382
2006;14;32146
2006;15;3529
2006;16;12687
2006;17;32834
2006;18;12642
2006;19;7762
2006;21;24947
2006;22;20391
2006;23;2491
2006;24;13833
2006;25;24031
2006;26;26563
2006;27;28171
2006;28;19978
2006;29;35955
2006;30;47928
2006;31;82557
2006;32;5234
2006;33;93101
2006;34;79729
2006;35;43037
2006;36;8381
2006;37;27810
2006;38;68205
2006;39;9091
2006;40;18722
2006;41;13139
2006;42;36863
2006;43;6713
2006;44;74421
2006;45;37017
2006;46;4332
2006;47;13387
2006;48;1897
2006;49;30717
2006;50;17227
2006;51;35921
2006;52;8587
2006;53;8651
2006;54;39246
2006;55;7488
2006;56;28166
2006;57;48586
2006;58;8313
2006;59;176134
2006;60;44683
2006;61;9904
2006;62;81131
2006;63;25611
2006;64;28131
2006;65;9527
2006;66;38386
2006;67;62174
2006;68;36274
2006;69;137141
2006;70;7265
2006;71;20402
2006;72;20986
2006;73;27073
2006;74;39741
2006;75;255688
2006;76;74837
2006;77;93226
2006;78;94244
2006;79;10928
2006;80;27515
2006;81;12748
2006;82;10918
2006;83;68750
2006;84;37028
2006;85;21359
2006;86;18611
2006;87;14027
2006;88;14169
2006;89;16636
2006;90;7038
2006;91;77537
2006;92;103022
2006;93;146856
2006;94;93302
2006;95;97335
2006;971;24891
2006;972;21581
2006;973;24034
2006;974;31530
2006;975;128
2006;976;19090
2006;977;387
2006;978;3071
2006;986;97
2006;987;9269
2006;988;13058
2007;01;22484
2007;02;25712
2007;03;11728
2007;04;6948
2007;05;5972
2007;06;104522
2007;07;10690
2007;08;11482
2007;09;5220
2007;10;14766
2007;11;19315
2007;12;7991
2007;13;179670
2007;14;31499
2007;15;3284
2007;16;13267
2007;17;30424
2007;18;11484
2007;19;7992
2007;21;22726
2007;22;20567
2007;23;2376
2007;24;13495
2007;25;21885
2007;26;25952
2007;27;27347
2007;28;18720
2007;29;33793
2007;30;47149
2007;31;83751
2007;32;5838
2007;33;89180
2007;34;73504
2007;35;42113
2007;36;7609
2007;37;26150
2007;38;65822
2007;39;8410
2007;40;15468
2007;41;12914
2007;42;33374
2007;43;5625
2007;44;71231
2007;45;34695
2007;46;4291
2007;47;12891
2007;48;1949
2007;49;29982
2007;50;16701
2007;51;33321
2007;52;8980
2007;53;8355
2007;54;37858
2007;55;7070
2007;56;27259
2007;57;48286
2007;58;8056
2007;59;166661
2007;60;43768
2007;61;10019
2007;62;81279
2007;63;25215
2007;64;28192
2007;65;9586
2007;66;33535
2007;67;58375
2007;68;35124
2007;69;124160
2007;70;7232
2007;71;20040
2007;72;20953
2007;73;26981
2007;74;38259
2007;75;244451
2007;76;70503
2007;77;88116
2007;78;88331
2007;79;10804
2007;80;28285
2007;81;13144
2007;82;10984
2007;83;64957
2007;84;36594
2007;85;20001
2007;86;17741
2007;87;14316
2007;88;14846
2007;89;15491
2007;90;6588
2007;91;76200
2007;92;97624
2007;93;147307
2007;94;94658
2007;95;94841
2007;971;26092
2007;972;21244
2007;973;24687
2007;974;30911
2007;975;111
2007;976;22795
2007;977;458
2007;978;3763
2007;986;242
2007;987;10748
2007;988;12421
2008;01;22284
2008;02;26639
2008;03;12396
2008;04;6924
2008;05;5730
2008;06;102362
2008;07;11426
2008;08;12096
2008;09;5248
2008;10;14431
2008;11;20740
2008;12;7760
2008;13;180067
2008;14;30607
2008;15;3272
2008;16;13818
2008;17;31300
2008;18;12877
2008;19;8705
2008;21;23456
2008;22;19290
2008;23;2303
2008;24;13605
2008;25;22305
2008;26;26996
2008;27;27029
2008;28;18354
2008;29;35310
2008;30;46263
2008;31;78909
2008;32;5541
2008;33;85552
2008;34;78080
2008;35;37955
2008;36;7306
2008;37;26917
2008;38;65970
2008;39;8508
2008;40;15659
2008;41;13567
2008;42;36069
2008;43;6164
2008;44;72087
2008;45;32598
2008;46;4698
2008;47;12662
2008;48;2158
2008;49;29271
2008;50;16317
2008;51;34639
2008;52;9075
2008;53;8672
2008;54;36863
2008;55;7218
2008;56;26604
2008;57;48746
2008;58;7957
2008;59;165226
2008;60;43015
2008;61;10000
2008;62;80172
2008;63;25973
2008;64;28207
2008;65;9781
2008;66;34906
2008;67;52803
2008;68;32788
2008;69;121365
2008;70;8226
2008;71;19411
2008;72;20563
2008;73;26926
2008;74;38601
2008;75;237888
2008;76;69439
2008;77;86066
2008;78;88593
2008;79;11744
2008;80;28146
2008;81;13166
2008;82;10625
2008;83;62812
2008;84;38234
2008;85;20605
2008;86;17877
2008;87;15058
2008;88;14226
2008;89;16341
2008;90;6754
2008;91;75699
2008;92;94204
2008;93;141890
2008;94;92343
2008;95;93641
2008;971;26032
2008;972;22130
2008;973;21837
2008;974;31403
2008;975;133
2008;976;21256
2008;977;480
2008;978;3704
2008;986;188
2008;987;10949
2008;988;12387
2009;01;22985
2009;02;25307
2009;03;12121
2009;04;6942
2009;05;5342
2009;06;98874
2009;07;10899
2009;08;11084
2009;09;5207
2009;10;14382
2009;11;21246
2009;12;7226
2009;13;174041
2009;14;30177
2009;15;3098
2009;16;13500
2009;17;32305
2009;18;12205
2009;19;7992
2009;21;22851
2009;22;19919
2009;23;2141
2009;24;13763
2009;25;22590
2009;26;26848
2009;27;25597
2009;28;17543
2009;29;33706
2009;30;46976
2009;31;78975
2009;32;5545
2009;33;88698
2009;34;77324
2009;35;39913
2009;36;7042
2009;37;25727
2009;38;65391
2009;39;8723
2009;40;16020
2009;41;13075
2009;42;35796
2009;43;5941
2009;44;70280
2009;45;32338
2009;46;4635
2009;47;12928
2009;48;2075
2009;49;27887
2009;50;15528
2009;51;33152
2009;52;8731
2009;53;8640
2009;54;35960
2009;55;7023
2009;56;27111
2009;57;47721
2009;58;7544
2009;59;164016
2009;60;43966
2009;61;10733
2009;62;75871
2009;63;25566
2009;64;28064
2009;65;9368
2009;66;34285
2009;67;51861
2009;68;33611
2009;69;120531
2009;70;7766
2009;71;18676
2009;72;19826
2009;73;26861
2009;74;38074
2009;75;234445
2009;76;67936
2009;77;86412
2009;78;89903
2009;79;11919
2009;80;27559
2009;81;13887
2009;82;11463
2009;83;63805
2009;84;39068
2009;85;21093
2009;86;17152
2009;87;14353
2009;88;14769
2009;89;15947
2009;90;6446
2009;91;71493
2009;92;96581
2009;93;142748
2009;94;91214
2009;95;93183
2009;971;27034
2009;972;22069
2009;973;26696
2009;974;31338
2009;975;197
2009;976;21236
2009;977;526
2009;978;3983
2009;986;129
2009;987;12156
2009;988;12458
2010;01;22626
2010;02;24051
2010;03;11650
2010;04;7022
2010;05;5293
2010;06;93200
2010;07;11010
2010;08;10750
2010;09;4813
2010;10;14378
2010;11;19933
2010;12;7295
2010;13;172211
2010;14;29314
2010;15;2984
2010;16;13949
2010;17;32620
2010;18;11539
2010;19;7975
2010;21;21776
2010;22;19267
2010;23;2092
2010;24;13410
2010;25;23316
2010;26;25560
2010;27;24729
2010;28;17627
2010;29;33119
2010;30;47125
2010;31;79929
2010;32;5436
2010;33;85286
2010;34;76914
2010;35;40027
2010;36;7770
2010;37;26115
2010;38;65088
2010;39;8319
2010;40;14498
2010;41;13851
2010;42;34741
2010;43;6183
2010;44;71279
2010;45;31823
2010;46;4768
2010;47;12608
2010;48;2079
2010;49;26984
2010;50;15124
2010;51;33286
2010;52;7761
2010;53;8878
2010;54;36686
2010;55;6787
2010;56;25840
2010;57;45331
2010;58;7514
2010;59;165411
2010;60;41135
2010;61;10047
2010;62;73833
2010;63;25336
2010;64;27868
2010;65;9045
2010;66;32383
2010;67;49339
2010;68;32240
2010;69;116078
2010;70;7368
2010;71;18519
2010;72;19184
2010;73;25650
2010;74;35317
2010;75;238114
2010;76;65791
2010;77;80808
2010;78;84309
2010;79;11937
2010;80;27086
2010;81;13738
2010;82;10559
2010;83;62959
2010;84;36998
2010;85;20087
2010;86;16551
2010;87;13427
2010;88;13163
2010;89;15926
2010;90;6394
2010;91;69801
2010;92;96476
2010;93;142034
2010;94;90179
2010;95;92307
2010;971;26470
2010;972;22411
2010;973;28271
2010;974;30590
2010;975;139
2010;976;27037
2010;977;490
2010;978;3601
2010;986;134
2010;987;13362
2010;988;13994
2011;01;21962
2011;02;25193
2011;03;11837
2011;04;7476
2011;05;6018
2011;06;92025
2011;07;10865
2011;08;11005
2011;09;5029
2011;10;13779
2011;11;18971
2011;12;7267
2011;13;174989
2011;14;28130
2011;15;3052
2011;16;14267
2011;17;32578
2011;18;11386
2011;19;7773
2011;21;22414
2011;22;18742
2011;23;2283
2011;24;13432
2011;25;23236
2011;26;27660
2011;27;24067
2011;28;17846
2011;29;33538
2011;30;46658
2011;31;83873
2011;32;5561
2011;33;83441
2011;34;75564
2011;35;39359
2011;36;7854
2011;37;26304
2011;38;62686
2011;39;8524
2011;40;15536
2011;41;13730
2011;42;34290
2011;43;5943
2011;44;69835
2011;45;32958
2011;46;4840
2011;47;12771
2011;48;2199
2011;49;28172
2011;50;14143
2011;51;32571
2011;52;8388
2011;53;8526
2011;54;34658
2011;55;6508
2011;56;26154
2011;57;46076
2011;58;7178
2011;59;162412
2011;60;42566
2011;61;9979
2011;62;72545
2011;63;24459
2011;64;29162
2011;65;9467
2011;66;31099
2011;67;47581
2011;68;31093
2011;69;114544
2011;70;7198
2011;71;19671
2011;72;19568
2011;73;26254
2011;74;35982
2011;75;233038
2011;76;64750
2011;77;80803
2011;78;83954
2011;79;11655
2011;80;27754
2011;81;13381
2011;82;10760
2011;83;61700
2011;84;36159
2011;85;21020
2011;86;15919
2011;87;13560
2011;88;13870
2011;89;16211
2011;90;6271
2011;91;71790
2011;92;95567
2011;93;140367
2011;94;89103
2011;95;92478
2011;971;25675
2011;972;21757
2011;973;30420
2011;974;31138
2011;975;139
2011;976;27508
2011;977;469
2011;978;3804
2011;986;115
2011;987;13538
2011;988;14755
2012;01;22504
2012;02;24725
2012;03;12322
2012;04;7867
2012;05;6061
2012;06;89157
2012;07;11111
2012;08;10992
2012;09;5699
2012;10;14300
2012;11;18504
2012;12;6896
2012;13;170262
2012;14;28139
2012;15;3297
2012;16;13838
2012;17;31090
2012;18;11813
2012;19;7704
2012;21;21387
2012;22;19035
2012;23;2374
2012;24;12766
2012;25;23015
2012;26;28162
2012;27;23366
2012;28;17731
2012;29;35511
2012;30;43404
2012;31;84444
2012;32;5225
2012;33;81728
2012;34;74454
2012;35;40481
2012;36;7761
2012;37;25252
2012;38;64547
2012;39;8661
2012;40;16361
2012;41;13349
2012;42;32703
2012;43;5742
2012;44;73054
2012;45;31117
2012;46;5269
2012;47;12935
2012;48;2103
2012;49;29104
2012;50;13418
2012;51;32138
2012;52;7775
2012;53;9317
2012;54;36355
2012;55;7002
2012;56;25382
2012;57;45914
2012;58;7558
2012;59;158545
2012;60;42040
2012;61;9911
2012;62;71090
2012;63;25086
2012;64;26945
2012;65;8945
2012;66;31292
2012;67;48403
2012;68;31099
2012;69;118941
2012;70;8141
2012;71;19227
2012;72;20798
2012;73;26491
2012;74;35782
2012;75;233853
2012;76;63357
2012;77;80518
2012;78;81739
2012;79;11957
2012;80;28162
2012;81;13341
2012;82;10491
2012;83;61069
2012;84;33527
2012;85;20457
2012;86;15439
2012;87;13062
2012;88;12579
2012;89;16265
2012;90;6127
2012;91;71114
2012;92;96050
2012;93;140353
2012;94;88535
2012;95;88837
2012;971;25709
2012;972;22645
2012;973;30684
2012;974;29251
2012;975;151
2012;976;22347
2012;977;418
2012;978;3772
2012;986;224
2012;987;13378
2012;988;14131
2013;01;23673
2013;02;24603
2013;03;13318
2013;04;7632
2013;05;6299
2013;06;84813
2013;07;11898
2013;08;11213
2013;09;5976
2013;10;14489
2013;11;19009
2013;12;7274
2013;13;166077
2013;14;27944
2013;15;3454
2013;16;14277
2013;17;31451
2013;18;12617
2013;19;8180
2013;21;22450
2013;22;19002
2013;23;2876
2013;24;13752
2013;25;25282
2013;26;29191
2013;27;23093
2013;28;17781
2013;29;36424
2013;30;40885
2013;31;85857
2013;32;6134
2013;33;80737
2013;34;76821
2013;35;42070
2013;36;8258
2013;37;25796
2013;38;66797
2013;39;8805
2013;40;16487
2013;41;14072
2013;42;34839
2013;43;6114
2013;44;79642
2013;45;33034
2013;46;5395
2013;47;12336
2013;48;2076
2013;49;29691
2013;50;13800
2013;51;31441
2013;52;8147
2013;53;9825
2013;54;36680
2013;55;8036
2013;56;25898
2013;57;44923
2013;58;7815
2013;59;161483
2013;60;42302
2013;61;9878
2013;62;70045
2013;63;26641
2013;64;26781
2013;65;9728
2013;66;30946
2013;67;47538
2013;68;31744
2013;69;123632
2013;70;8642
2013;71;19948
2013;72;21211
2013;73;25296
2013;74;35120
2013;75;243788
2013;76;63195
2013;77;82133
2013;78;83821
2013;79;12498
2013;80;27431
2013;81;13106
2013;82;10948
2013;83;62845
2013;84;32577
2013;85;22567
2013;86;17653
2013;87;13156
2013;88;12462
2013;89;16645
2013;90;6479
2013;91;71856
2013;92;101152
2013;93;141825
2013;94;86031
2013;95;87559
2013;971;26178
2013;972;21180
2013;973;21771
2013;974;29652
2013;975;139
2013;976;12868
2013;977;428
2013;978;3822
2013;986;189
2013;987;14627
2013;988;15955
2014;01;25414
2014;02;24012
2014;03;12438
2014;04;7932
2014;05;6818
2014;06;83425
2014;07;11979
2014;08;11128
2014;09;6464
2014;10;16480
2014;11;18816
2014;12;7770
2014;13;161061
2014;14;27182
2014;15;3599
2014;16;14392
2014;17;32536
2014;18;13038
2014;19;8377
2014;21;23130
2014;22;20412
2014;23;2887
2014;24;13880
2014;25;25793
2014;26;29556
2014;27;23168
2014;28;17414
2014;29;34660
2014;30;39352
2014;31;88896
2014;32;6478
2014;33;83446
2014;34;74502
2014;35;39923
2014;36;8273
2014;37;26750
2014;38;73211
2014;39;8998
2014;40;16868
2014;41;13569
2014;42;36091
2014;43;6875
2014;44;75551
2014;45;32866
2014;46;6100
2014;47;13201
2014;48;2186
2014;49;29575
2014;50;14111
2014;51;32275
2014;52;8111
2014;53;10183
2014;54;37552
2014;55;7557
2014;56;25821
2014;57;44542
2014;58;8290
2014;59;154176
2014;60;43810
2014;61;10910
2014;62;71238
2014;63;26269
2014;64;27204
2014;65;10088
2014;66;31027
2014;67;47383
2014;68;33278
2014;69;121708
2014;70;9220
2014;71;20374
2014;72;23156
2014;73;25218
2014;74;35817
2014;75;277148
2014;76;57959
2014;77;84606
2014;78;84102
2014;79;11557
2014;80;27190
2014;81;13879
2014;82;11058
2014;83;63981
2014;84;32867
2014;85;23086
2014;86;18073
2014;87;13071
2014;88;12606
2014;89;20213
2014;90;6580
2014;91;70229
2014;92;109619
2014;93;135741
2014;94;91432
2014;95;83551
2014;971;24867
2014;972;19734
2014;973;19772
2014;974;30004
2014;975;101
2014;976;14045
2014;977;436
2014;978;3347
2014;986;133
2014;987;14146
2014;988;15485
2015;01;26296
2015;02;24279
2015;03;12527
2015;04;8081
2015;05;6974
2015;06;81960
2015;07;11573
2015;08;11575
2015;09;6264
2015;10;16358
2015;11;19378
2015;12;8223
2015;13;157604
2015;14;28876
2015;15;4119
2015;16;14958
2015;17;32174
2015;18;13579
2015;19;8142
2015;21;23077
2015;22;21415
2015;23;3219
2015;24;14237
2015;25;27272
2015;26;28989
2015;27;23498
2015;28;17653
2015;29;36889
2015;30;39682
2015;31;89917
2015;32;6495
2015;33;85692
2015;34;73529
2015;35;40945
2015;36;8009
2015;37;26186
2015;38;74971
2015;39;8832
2015;40;16900
2015;41;14444
2015;42;37368
2015;43;6622
2015;44;79342
2015;45;32732
2015;46;5705
2015;47;13092
2015;48;2153
2015;49;30660
2015;50;14377
2015;51;31730
2015;52;7803
2015;53;9925
2015;54;36988
2015;55;7367
2015;56;26184
2015;57;44333
2015;58;8557
2015;59;162583
2015;60;42656
2015;61;10809
2015;62;74385
2015;63;27453
2015;64;27602
2015;65;9639
2015;66;31165
2015;67;47568
2015;68;32241
2015;69;128391
2015;70;9090
2015;71;19757
2015;72;24201
2015;73;22586
2015;74;36434
2015;75;265180
2015;76;60888
2015;77;85741
2015;78;82600
2015;79;12236
2015;80;27238
2015;81;13774
2015;82;11106
2015;83;65200
2015;84;32980
2015;85;22544
2015;86;18447
2015;87;13095
2015;88;13132
2015;89;17493
2015;90;6353
2015;91;71741
2015;92;112093
2015;93;136779
2015;94;95136
2015;95;82598
2015;971;25709
2015;972;19369
2015;973;21135
2015;974;33225
2015;975;135
2015;976;12038
2015;977;347
2015;978;3155
2015;986;173
2015;987;13739
2015;988;16943
2016;01;25197
2016;02;22858
2016;03;13234
2016;04;8463
2016;05;6775
2016;06;76507
2016;07;11819
2016;08;11711
2016;09;6492
2016;10;16684
2016;11;19230
2016;12;8686
2016;13;155440
2016;14;28756
2016;15;4117
2016;16;15683
2016;17;30792
2016;18;13455
2016;19;8399
2016;21;22851
2016;22;20836
2016;23;3393
2016;24;14400
2016;25;25715
2016;26;28099
2016;27;24899
2016;28;17380
2016;29;36186
2016;30;38921
2016;31;90840
2016;32;6813
2016;33;86418
2016;34;76816
2016;35;42031
2016;36;7956
2016;37;26779
2016;38;71210
2016;39;9198
2016;40;16847
2016;41;14266
2016;42;37827
2016;43;7134
2016;44;81908
2016;45;34736
2016;46;5459
2016;47;14537
2016;48;2191
2016;49;31715
2016;50;14492
2016;51;30458
2016;52;7820
2016;53;10121
2016;54;35710
2016;55;7210
2016;56;27656
2016;57;42575
2016;58;8348
2016;59;162056
2016;60;42673
2016;61;10535
2016;62;73520
2016;63;28721
2016;64;26286
2016;65;9791
2016;66;28488
2016;67;45993
2016;68;30119
2016;69;136928
2016;70;8386
2016;71;20422
2016;72;24855
2016;73;22225
2016;74;37361
2016;75;271657
2016;76;62821
2016;77;83365
2016;78;83228
2016;79;12317
2016;80;26481
2016;81;15027
2016;82;11449
2016;83;64515
2016;84;32927
2016;85;22656
2016;86;17754
2016;87;13886
2016;88;13502
2016;89;19294
2016;90;6693
2016;91;69449
2016;92;111533
2016;93;140049
2016;94;90855
2016;95;80767
2016;971;25330
2016;972;18936
2016;973;21689
2016;974;36298
2016;975;112
2016;976;10913
2016;977;421
2016;978;2585
2016;986;124
2016;987;12639
2016;988;17532
2017;01;25335
2017;02;23429
2017;03;13668
2017;04;8423
2017;05;6676
2017;06;71867
2017;07;11915
2017;08;11492
2017;09;6606
2017;10;15955
2017;11;18877
2017;12;8455
2017;13;151936
2017;14;29918
2017;15;4275
2017;16;15593
2017;17;32128
2017;18;13672
2017;19;8495
2017;21;23070
2017;22;21740
2017;23;3799
2017;24;14725
2017;25;25730
2017;26;26922
2017;27;24771
2017;28;17133
2017;29;37258
2017;30;39697
2017;31;91920
2017;32;6704
2017;33;90924
2017;34;76683
2017;35;42714
2017;36;8096
2017;37;28258
2017;38;73090
2017;39;9925
2017;40;16308
2017;41;14473
2017;42;37457
2017;43;7409
2017;44;84547
2017;45;33583
2017;46;6143
2017;47;14045
2017;48;2179
2017;49;31555
2017;50;15948
2017;51;30816
2017;52;7742
2017;53;10388
2017;54;34865
2017;55;7244
2017;56;28670
2017;57;43479
2017;58;9036
2017;59;160257
2017;60;41988
2017;61;11179
2017;62;71327
2017;63;30459
2017;64;27602
2017;65;10048
2017;66;28671
2017;67;48712
2017;68;30599
2017;69;139607
2017;70;8176
2017;71;20744
2017;72;25128
2017;73;22122
2017;74;37726
2017;75;281518
2017;76;62440
2017;77;84173
2017;78;82327
2017;79;13334
2017;80;28162
2017;81;14985
2017;82;11697
2017;83;64524
2017;84;31564
2017;85;23132
2017;86;18609
2017;87;13682
2017;88;14204
2017;89;17516
2017;90;6440
2017;91;69778
2017;92;107212
2017;93;144750
2017;94;92341
2017;95;83552
2017;971;24295
2017;972;18685
2017;973;19688
2017;974;34235
2017;975;99
2017;976;10048
2017;977;481
2017;978;2657
2017;986;135
2017;987;12358
2017;988;18358
2018;01;26683
2018;02;26120
2018;03;13587
2018;04;8579
2018;05;6658
2018;06;72414
2018;07;11846
2018;08;12370
2018;09;6352
2018;10;16758
2018;11;17921
2018;12;8521
2018;13;155626
2018;14;29753
2018;15;4530
2018;16;16303
2018;17;31105
2018;18;13269
2018;19;8781
2018;21;23326
2018;22;21952
2018;23;4056
2018;24;14787
2018;25;25924
2018;26;26658
2018;27;24370
2018;28;17561
2018;29;37492
2018;30;38990
2018;31;91127
2018;32;6402
2018;33;94706
2018;34;75276
2018;35;44435
2018;36;8314
2018;37;28856
2018;38;75215
2018;39;11041
2018;40;16391
2018;41;13410
2018;42;38214
2018;43;7917
2018;44;86030
2018;45;32767
2018;46;6720
2018;47;15509
2018;48;2172
2018;49;31533
2018;50;15868
2018;51;30552
2018;52;7942
2018;53;10330
2018;54;33611
2018;55;7393
2018;56;28108
2018;57;43127
2018;58;8102
2018;59;160566
2018;60;41336
2018;61;11033
2018;62;72706
2018;63;29026
2018;64;27032
2018;65;10162
2018;66;28918
2018;67;49708
2018;68;31041
2018;69;139329
2018;70;8155
2018;71;20728
2018;72;26518
2018;73;21259
2018;74;37879
2018;75;286979
2018;76;62433
2018;77;81797
2018;78;81371
2018;79;13209
2018;80;28839
2018;81;15448
2018;82;11454
2018;83;63969
2018;84;31027
2018;85;22951
2018;86;19048
2018;87;13220
2018;88;13524
2018;89;17456
2018;90;6344
2018;91;70037
2018;92;109142
2018;93;142255
2018;94;90605
2018;95;80749
2018;971;23542
2018;972;17609
2018;973;17981
2018;974;32506
2018;975;140
2018;976;9189
2018;977;425
2018;978;2514
2018;986;149
2018;987;11851
2018;988;18967
2019;01;27831
2019;02;26577
2019;03;14440
2019;04;8831
2019;05;6135
2019;06;74434
2019;07;11958
2019;08;12722
2019;09;6696
2019;10;17100
2019;11;18654
2019;12;8627
2019;13;155948
2019;14;29470
2019;15;4553
2019;16;16240
2019;17;33039
2019;18;12910
2019;19;8904
2019;21;24037
2019;22;21957
2019;23;4152
2019;24;15163
2019;25;26105
2019;26;26961
2019;27;25304
2019;28;17697
2019;29;37542
2019;30;39628
2019;31;95073
2019;32;6274
2019;33;102416
2019;34;80074
2019;35;44261
2019;36;8194
2019;37;29328
2019;38;78784
2019;39;10329
2019;40;16344
2019;41;13471
2019;42;38347
2019;43;8688
2019;44;89198
2019;45;31140
2019;46;6604
2019;47;14956
2019;48;2503
2019;49;31840
2019;50;16392
2019;51;31267
2019;52;8015
2019;53;10484
2019;54;34510
2019;55;7479
2019;56;29392
2019;57;44699
2019;58;8855
2019;59;165754
2019;60;40821
2019;61;11378
2019;62;74568
2019;63;29698
2019;64;27017
2019;65;10263
2019;66;31038
2019;67;50551
2019;68;32249
2019;69;141679
2019;70;8299
2019;71;20506
2019;72;28608
2019;73;20807
2019;74;38792
2019;75;314530
2019;76;67357
2019;77;80481
2019;78;81660
2019;79;14066
2019;80;28164
2019;81;15602
2019;82;10746
2019;83;63991
2019;84;31998
2019;85;23838
2019;86;20187
2019;87;13922
2019;88;14339
2019;89;16440
2019;90;6202
2019;91;71017
2019;92;115501
2019;93;150176
2019;94;94694
2019;95;84263
2019;971;23463
2019;972;18851
2019;973;19176
2019;974;31341
2019;975;152
2019;976;10115
2019;977;472
2019;978;2590
2019;986;127
2019;987;12115
2019;988;19541
2020;01;24210
2020;02;23638
2020;03;12822
2020;04;7815
2020;05;5603
2020;06;65274
2020;07;11999
2020;08;11112
2020;09;6514
2020;10;15314
2020;11;15800
2020;12;8313
2020;13;141531
2020;14;26623
2020;15;4069
2020;16;14269
2020;17;28845
2020;18;10926
2020;19;8063
2020;21;21387
2020;22;19738
2020;23;3703
2020;24;13709
2020;25;23732
2020;26;24696
2020;27;23338
2020;28;16069
2020;29;32816
2020;30;35812
2020;31;83478
2020;32;6062
2020;33;95368
2020;34;69098
2020;35;41374
2020;36;7620
2020;37;26840
2020;38;68875
2020;39;9850
2020;40;15157
2020;41;10911
2020;42;33483
2020;43;7984
2020;44;77870
2020;45;29217
2020;46;5804
2020;47;12397
2020;48;2421
2020;49;28759
2020;50;14183
2020;51;27225
2020;52;6727
2020;53;9963
2020;54;31032
2020;55;7645
2020;56;25906
2020;57;39208
2020;58;8385
2020;59;143523
2020;60;37236
2020;61;10745
2020;62;65888
2020;63;26145
2020;64;23622
2020;65;8487
2020;66;27130
2020;67;46986
2020;68;27828
2020;69;123777
2020;70;7613
2020;71;18476
2020;72;22912
2020;73;18268
2020;74;35316
2020;75;246731
2020;76;58671
2020;77;70447
2020;78;72222
2020;79;12581
2020;80;23405
2020;81;13734
2020;82;9454
2020;83;57165
2020;84;27398
2020;85;22183
2020;86;17597
2020;87;12529
2020;88;13377
2020;89;16314
2020;90;5029
2020;91;64566
2020;92;103572
2020;93;137446
2020;94;87247
2020;95;73729
2020;971;21096
2020;972;16219
2020;973;17518
2020;974;27692
2020;975;125
2020;976;10576
2020;977;382
2020;978;2525
2020;986;177
2020;987;10307
2020;988;18018
2021;01;27891
2021;02;23883
2021;03;13931
2021;04;8006
2021;05;6104
2021;06;70098
2021;07;13138
2021;08;12151
2021;09;6478
2021;10;15632
2021;11;17103
2021;12;8188
2021;13;161753
2021;14;28773
2021;15;4302
2021;16;15879
2021;17;29526
2021;18;11733
2021;19;8819
2021;21;22833
2021;22;20578
2021;23;4172
2021;24;14742
2021;25;25058
2021;26;27186
2021;27;26040
2021;28;16258
2021;29;35102
2021;30;36922
2021;31;87811
2021;32;6355
2021;33;98095
2021;34;73259
2021;35;43666
2021;36;8906
2021;37;30054
2021;38;74462
2021;39;9374
2021;40;16545
2021;41;12661
2021;42;36710
2021;43;8513
2021;44;84120
2021;45;32278
2021;46;6190
2021;47;14105
2021;48;2524
2021;49;30627
2021;50;15800
2021;51;29948
2021;52;7479
2021;53;10550
2021;54;35203
2021;55;8128
2021;56;29485
2021;57;41506
2021;58;7891
2021;59;154501
2021;60;41238
2021;61;11584
2021;62;68506
2021;63;28032
2021;64;25112
2021;65;8973
2021;66;28743
2021;67;50712
2021;68;31789
2021;69;142334
2021;70;7634
2021;71;20783
2021;72;24698
2021;73;18606
2021;74;39505
2021;75;263945
2021;76;59850
2021;77;78646
2021;78;75695
2021;79;12954
2021;80;25327
2021;81;15288
2021;82;9308
2021;83;64463
2021;84;31334
2021;85;23576
2021;86;18524
2021;87;14912
2021;88;14011
2021;89;17314
2021;90;5177
2021;91;70370
2021;92;115945
2021;93;148023
2021;94;93728
2021;95;82364
2021;971;23561
2021;972;18101
2021;973;20258
2021;974;29098
2021;975;149
2021;976;11635
2021;977;471
2021;978;2497
2021;986;183
2021;987;10129
2021;988;17085
2022;01;19656
2022;02;17073
2022;03;9786
2022;04;6396
2022;05;4555
2022;06;48908
2022;07;8938
2022;08;8693
2022;09;4955
2022;10;11141
2022;11;12812
2022;12;6015
2022;13;118976
2022;14;21231
2022;15;3051
2022;16;11409
2022;17;21850
2022;18;8721
2022;19;5872
2022;21;15802
2022;22;15532
2022;23;3010
2022;24;10866
2022;25;17368
2022;26;18386
2022;27;17532
2022;28;11955
2022;29;25608
2022;30;26533
2022;31;62275
2022;32;4483
2022;33;66589
2022;34;51482
2022;35;34321
2022;36;6246
2022;37;20576
2022;38;51159
2022;39;7014
2022;40;13330
2022;41;8987
2022;42;26781
2022;43;5958
2022;44;60176
2022;45;21614
2022;46;4683
2022;47;10002
2022;48;1675
2022;49;21622
2022;50;11210
2022;51;21635
2022;52;5280
2022;53;7720
2022;54;25281
2022;55;5698
2022;56;21488
2022;57;30213
2022;58;5679
2022;59;109036
2022;60;28519
2022;61;8270
2022;62;50282
2022;63;19316
2022;64;18669
2022;65;6739
2022;66;21145
2022;67;35158
2022;68;22663
2022;69;100731
2022;70;5582
2022;71;14276
2022;72;16588
2022;73;14312
2022;74;28107
2022;75;192414
2022;76;45900
2022;77;56238
2022;78;54509
2022;79;9649
2022;80;19153
2022;81;10938
2022;82;6777
2022;83;46451
2022;84;22228
2022;85;17304
2022;86;13755
2022;87;11202
2022;88;9390
2022;89;11992
2022;90;3733
2022;91;51045
2022;92;80579
2022;93;102721
2022;94;65423
2022;95;57051
2022;971;15663
2022;972;12329
2022;973;13711
2022;974;19157
2022;975;90
2022;976;8286
2022;977;400
2022;978;1867
2022;986;84
2022;987;7042
2022;988;13060
